{
    "type": "minecraft:crafting_shaped",
    "pattern": [
        "GBG",
        "OAO",
        "COC"
    ],
    "key": {
      "G": {
         "item": "minecraft:gold_ingot"
      },
      "B": {
         "item": "minecraft:gold_block"
      },
      "O": {
          "item": "minecraft:obsidian"
      },
      "A": {
          "item": "minecraft:amethyst_shard"
      },
      "C": {
          "item": "minecraft:crying_obsidian"
      }
    },
    "result": {
        "item": "minecraft:knowledge_book",
        "count": 1
    }
}