{
    "providers": [
        {
            "type": "bitmap",
            "file": "exweapons:screen/dark.png",
            "ascent": 128,
            "height": 256,
            "chars": ["\uEB01"]
        },
        {
            "type": "bitmap",
            "file": "exweapons:screen/gray.png",
            "ascent": 128,
            "height": 256,
            "chars": ["\uEB02"]
        },
        {
            "type": "bitmap",
            "file": "exweapons:screen/blood.png",
            "ascent": 128,
            "height": 256,
            "chars": ["\uEB03"]
        },
        {
            "type": "bitmap",
            "file": "exweapons:screen/time_skip.png",
            "ascent": 35,
            "height": 75,
            "chars": ["\uEE01"]
        },
        {
            "type": "bitmap",
            "file": "exweapons:screen/time_skip2.png",
            "ascent": 35,
            "height": 75,
            "chars": ["\uEE02"]
        },
        {
            "type": "bitmap",
            "file": "exweapons:screen/time_skip3.png",
            "ascent": 35,
            "height": 75,
            "chars": ["\uEE03"]
        },
        {
            "type": "bitmap",
            "file": "exweapons:screen/time_skip4.png",
            "ascent": 35,
            "height": 75,
            "chars": ["\uEE04"]
        },
        {
            "type": "bitmap",
            "file": "exweapons:screen/time_skip5.png",
            "ascent": 35,
            "height": 75,
            "chars": ["\uEE05"]
        },
        {
            "type": "bitmap",
            "file": "exweapons:screen/time_skip6.png",
            "ascent": 35,
            "height": 75,
            "chars": ["\uEE06"]
        },
        {
            "type": "bitmap",
            "file": "exweapons:screen/time_skip7.png",
            "ascent": 35,
            "height": 75,
            "chars": ["\uEE07"]
        },
        {
            "type": "bitmap",
            "file": "exweapons:screen/time_skip8.png",
            "ascent": 35,
            "height": 75,
            "chars": ["\uEE08"]
        },
        {
            "type": "bitmap",
            "file": "exweapons:screen/time_skip9.png",
            "ascent": 35,
            "height": 75,
            "chars": ["\uEE09"]
        },
        {
            "type": "bitmap",
            "file": "exweapons:screen/time_skip10.png",
            "ascent": 35,
            "height": 75,
            "chars": ["\uEE10"]
        },
        {
            "type": "bitmap",
            "file": "exweapons:screen/time_skip11.png",
            "ascent": 35,
            "height": 75,
            "chars": ["\uEE11"]
        },
        {
            "type": "bitmap",
            "file": "exweapons:screen/time_skip12.png",
            "ascent": 35,
            "height": 75,
            "chars": ["\uEE12"]
        },
        {
            "type": "bitmap",
            "file": "exweapons:screen/time_skip13.png",
            "ascent": 128,
            "height": 256,
            "chars": ["\uEE13"]
        },
        {
            "type": "bitmap",
            "file": "exweapons:screen/time_skip14.png",
            "ascent": 35,
            "height": 75,
            "chars": ["\uEE14"]
        },
        {
            "type": "bitmap",
            "file": "exweapons:screen/time_skip15.png",
            "ascent": 35,
            "height": 75,
            "chars": ["\uEE15"]
        },
       {
            "type": "bitmap",
            "file": "exweapons:screen/icon1.png",
            "ascent": 8,
            "height": 9,
            "chars": ["\uEE20"]
        },
       {
            "type": "bitmap",
            "file": "exweapons:screen/icon2.png",
            "ascent": 8,
            "height": 9,
            "chars": ["\uEE21"]
        },
       {
            "type": "bitmap",
            "file": "exweapons:screen/icon3.png",
            "ascent": 8,
            "height": 9,
            "chars": ["\uEE22"]
        },
       {
            "type": "bitmap",
            "file": "exweapons:screen/icon4.png",
            "ascent": 8,
            "height": 9,
            "chars": ["\uEE23"]
        },
       {
            "type": "bitmap",
            "file": "exweapons:screen/icon5.png",
            "ascent": 8,
            "height": 9,
            "chars": ["\uEE24"]
        },
       {
            "type": "bitmap",
            "file": "exweapons:screen/icon6.png",
            "ascent": 8,
            "height": 9,
            "chars": ["\uEE25"]
        },
       {
            "type": "bitmap",
            "file": "exweapons:screen/icon7.png",
            "ascent": 8,
            "height": 9,
            "chars": ["\uEE26"]
        },
       {
            "type": "bitmap",
            "file": "exweapons:screen/icon8.png",
            "ascent": 8,
            "height": 9,
            "chars": ["\uEE27"]
        },
       {
            "type": "bitmap",
            "file": "exweapons:screen/icon9.png",
            "ascent": 8,
            "height": 9,
            "chars": ["\uEE28"]
        },
       {
            "type": "bitmap",
            "file": "exweapons:screen/icon10.png",
            "ascent": 8,
            "height": 9,
            "chars": ["\uEE29"]
        },
       {
            "type": "bitmap",
            "file": "exweapons:screen/icon11.png",
            "ascent": 8,
            "height": 9,
            "chars": ["\uEE30"]
        },
       {
            "type": "bitmap",
            "file": "exweapons:screen/icon12.png",
            "ascent": 8,
            "height": 9,
            "chars": ["\uEE31"]
        },
       {
            "type": "bitmap",
            "file": "exweapons:screen/icon13.png",
            "ascent": 8,
            "height": 9,
            "chars": ["\uEE32"]
        },
       {
            "type": "bitmap",
            "file": "exweapons:screen/icon14.png",
            "ascent": 8,
            "height": 9,
            "chars": ["\uEE33"]
        },
       {
            "type": "bitmap",
            "file": "exweapons:screen/icon15.png",
            "ascent": 8,
            "height": 9,
            "chars": ["\uEE34"]
        },
        
        {
            "type": "bitmap",
            "file": "exweapons:screen/musou/musou1.png",
            "ascent": 31,
            "height": 68,
            "chars": ["\uEE37"]
        },
        {
            "type": "bitmap",
            "file": "exweapons:screen/musou/musou2.png",
            "ascent": 31,
            "height": 68,
            "chars": ["\uEE38"]
        },
        {
            "type": "bitmap",
            "file": "exweapons:screen/musou/musou3.png",
            "ascent": 31,
            "height": 68,
            "chars": ["\uEE39"]
        },
        {
            "type": "bitmap",
            "file": "exweapons:screen/musou/musou4.png",
            "ascent": 31,
            "height": 68,
            "chars": ["\uEE40"]
        },
        {
            "type": "bitmap",
            "file": "exweapons:screen/musou/musou5.png",
            "ascent": 31,
            "height": 68,
            "chars": ["\uEE41"]
        },
        {
            "type": "bitmap",
            "file": "exweapons:screen/musou/musou6.png",
            "ascent": 31,
            "height": 68,
            "chars": ["\uEE42"]
        },
        {
            "type": "bitmap",
            "file": "exweapons:screen/musou/musou7.png",
            "ascent": 31,
            "height": 68,
            "chars": ["\uEE43"]
        },
        {
            "type": "bitmap",
            "file": "exweapons:screen/musou/musou8.png",
            "ascent": 31,
            "height": 68,
            "chars": ["\uEE44"]
        },
        {
            "type": "bitmap",
            "file": "exweapons:screen/musou/musou9.png",
            "ascent": 31,
            "height": 68,
            "chars": ["\uEE45"]
        },
        {
            "type": "bitmap",
            "file": "exweapons:screen/musou/musou10.png",
            "ascent": 31,
            "height": 68,
            "chars": ["\uEE46"]
        },
        {
            "type": "bitmap",
            "file": "exweapons:screen/musou/musou11.png",
            "ascent": 31,
            "height": 68,
            "chars": ["\uEE47"]
        },
        {
            "type": "bitmap",
            "file": "exweapons:screen/musou/musou12.png",
            "ascent": 31,
            "height": 68,
            "chars": ["\uEE48"]
        },
        {
            "type": "bitmap",
            "file": "exweapons:screen/musou/musou13.png",
            "ascent": 31,
            "height": 68,
            "chars": ["\uEE49"]
        },
        {
            "type": "bitmap",
            "file": "exweapons:screen/musou/musou14.png",
            "ascent": 31,
            "height": 68,
            "chars": ["\uEE50"]
        },
        {
            "type": "bitmap",
            "file": "exweapons:screen/musou/musou15.png",
            "ascent": 31,
            "height": 68,
            "chars": ["\uEE51"]
        },
        {
            "type": "bitmap",
            "file": "exweapons:screen/musou/musou16.png",
            "ascent": 31,
            "height": 68,
            "chars": ["\uEE52"]
        },
        {
            "type": "bitmap",
            "file": "exweapons:screen/musou/musou17.png",
            "ascent": 31,
            "height": 68,
            "chars": ["\uEE53"]
        },
        {
            "type": "bitmap",
            "file": "exweapons:screen/musou/musou18.png",
            "ascent": 31,
            "height": 68,
            "chars": ["\uEE54"]
        },
        {
            "type": "bitmap",
            "file": "exweapons:screen/musou/musou19.png",
            "ascent": 31,
            "height": 68,
            "chars": ["\uEE55"]
        },
        {
            "type": "bitmap",
            "file": "exweapons:screen/musou/musou20.png",
            "ascent": 31,
            "height": 68,
            "chars": ["\uEE56"]
        },
        {
            "type": "bitmap",
            "file": "exweapons:screen/musou/musou21.png",
            "ascent": 31,
            "height": 68,
            "chars": ["\uEE57"]
        },
        {
            "type": "bitmap",
            "file": "exweapons:screen/musou/musou22.png",
            "ascent": 31,
            "height": 68,
            "chars": ["\uEE58"]
        },
        {
            "type": "bitmap",
            "file": "exweapons:screen/musou/musou23.png",
            "ascent": 31,
            "height": 68,
            "chars": ["\uEE59"]
        },
        {
            "type": "bitmap",
            "file": "exweapons:screen/musou/musou24.png",
            "ascent": 31,
            "height": 68,
            "chars": ["\uEE60"]
        },
        {
            "type": "bitmap",
            "file": "exweapons:screen/musou/musou25.png",
            "ascent": 31,
            "height": 68,
            "chars": ["\uEE61"]
        },
        {
            "type": "bitmap",
            "file": "exweapons:screen/musou/musou26.png",
            "ascent": 31,
            "height": 68,
            "chars": ["\uEE62"]
        },
        {
            "type": "bitmap",
            "file": "exweapons:screen/musou/musou27.png",
            "ascent": 31,
            "height": 68,
            "chars": ["\uEE63"]
        },
        {
            "type": "bitmap",
            "file": "exweapons:screen/musou/musou28.png",
            "ascent": 31,
            "height": 68,
            "chars": ["\uEE64"]
        },
        {
            "type": "bitmap",
            "file": "exweapons:screen/musou/musou29.png",
            "ascent": 31,
            "height": 68,
            "chars": ["\uEE65"]
        },
        {
            "type": "bitmap",
            "file": "exweapons:screen/musou/musou30.png",
            "ascent": 31,
            "height": 68,
            "chars": ["\uEE66"]
        },
        {
            "type": "bitmap",
            "file": "exweapons:screen/musou/musou31.png",
            "ascent": 31,
            "height": 68,
            "chars": ["\uEE67"]
        },
        {
            "type": "bitmap",
            "file": "exweapons:screen/musou/musou32.png",
            "ascent": 31,
            "height": 68,
            "chars": ["\uEE68"]
        },
        {
            "type": "bitmap",
            "file": "exweapons:screen/musou/musou33.png",
            "ascent": 31,
            "height": 68,
            "chars": ["\uEE69"]
        },
        {
            "type": "bitmap",
            "file": "exweapons:screen/musou/musou34.png",
            "ascent": 31,
            "height": 68,
            "chars": ["\uEE70"]
        },
        {
            "type": "bitmap",
            "file": "exweapons:screen/musou/musou35.png",
            "ascent": 31,
            "height": 68,
            "chars": ["\uEE71"]
        },
        {
            "type": "bitmap",
            "file": "exweapons:screen/musou/musou36.png",
            "ascent": 31,
            "height": 68,
            "chars": ["\uEE72"]
        },
        {
            "type": "bitmap",
            "file": "exweapons:screen/musou/musou37.png",
            "ascent": 31,
            "height": 68,
            "chars": ["\uEE73"]
        },
        {
            "type": "bitmap",
            "file": "exweapons:screen/musou/musou38.png",
            "ascent": 31,
            "height": 68,
            "chars": ["\uEE74"]
        }
    ]
}