{
	"exweapons.block.smithing_table3": {
		"sounds": [
				"minecraft/block/smithing_table3"
		]
	},
	"exweapons.the_world_s.za_warudo_onvoice_dio": {
		"sounds": [
			"the_world_s/za_warudo"
		]
	},
	"exweapons.the_world_s.za_warudo_onvoice_sutapura": {
		"sounds": [
			"the_world_s/za_warudo_sutapura"
		]
	},
	"exweapons.the_world_s.za_warudo_offvoice": {
		"sounds": [
			"the_world_s/za_warudo2"
		]
	},
	"exweapons.the_world_s.time_resumes_onvoice_dio": {
		"sounds": [
			"the_world_s/time_resumes"
		]
	},
	"exweapons.the_world_s.time_resumes_onvoice_sutapura": {
		"sounds": [
			"the_world_s/time_resumes_sutapura"
		]
	},
	"exweapons.the_world_s.time_resumes_offvoice": {
		"sounds": [
			"the_world_s/time_resumes2"
		]
	},
	"exweapons.the_world_s.road_roller": {
		"sounds": [
			"the_world_s/road_roller"
		]
	},
	"exweapons.the_world_s.skip_long": {
		"sounds": [
			"the_world_s/skip"
		]
	},
	"exweapons.the_world_s.skip_short": {
		"sounds": [
			"the_world_s/skip2"
		]
	},
	"exweapons.king_crimson_s.time_erase": {
		"sounds": [
			"king_crimson_s/time_erase"
		]
	},
	"exweapons.king_crimson_s.time_erase_2": {
		"sounds": [
			"king_crimson_s/time_erase_2"
		]
	},
	"exweapons.king_crimson_s.get": {
		"sounds": [
			"king_crimson_s/get"
		]
	},
	"exweapons.king_crimson_s.skip": {
		"sounds": [
			"king_crimson_s/skip"
		]
	},
	"exweapons.king_crimson_s.epitaph": {
		"sounds": [
			"king_crimson_s/epitaph"
		]
	},
	"exweapons.gold_experience_s.goldexperience": {
		"sounds": [
			"gold_experience_s/goldexperience"
		]
	},
	"exweapons.gold_experience_s.get": {
		"sounds": [
			"gold_experience_s/get"
		]
	},
	"exweapons.made_in_heaven_s.time_acceleration": {
		"sounds": [
			"made_in_heaven_s/time_acceleration"
		]
	},
	"exweapons.made_in_heaven_s.time_acceleration_3": {
		"sounds": [
			"made_in_heaven_s/time_acceleration_3"
		]
	},
	"exweapons.made_in_heaven_s.get": {
		"sounds": [
			"made_in_heaven_s/get"
		]
	},
	"exweapons.made_in_heaven_s.time_acceleration_2": {
		"sounds": [
			"made_in_heaven_s/time_acceleration_2"
		]
	},
	"exweapons.splatoonseries.marumisa_voice": {
		"sounds": [
			"splatoon/marumisa"
		]
	},
	"exweapons.splatoonseries.marumisa_start": {
		"sounds": [
			"splatoon/marumisa_start"
		]
	},
	"exweapons.splatoonseries.marumisa_hassya": {
		"sounds": [
			"splatoon/marumisa_hassya"
		]
	},
	"exweapons.splatoonseries.marumisa_attack": {
		"sounds": [
			"splatoon/marumisa_attack"
		]
	},
	"exweapons.splatoonseries.supertyakuti_voice": {
		"sounds": [
			"splatoon/supertyakuti"
		]
	},
	"exweapons.splatoonseries.supertyakuti_start": {
		"sounds": [
			"splatoon/supertyakuti_start"
		]
	},
	"exweapons.splatoonseries.supertyakuti_tyakuti": {
		"sounds": [
			"splatoon/supertyakuti_tyakuti"
		]
	},
	"exweapons.splatoonseries.specialcharge": {
		"sounds": [
			"splatoon/specialcharge"
		]
	},
	"exweapons.environment.wind1": {
		"sounds": [
			"environment/wind"
		]
	},
	"exweapons.genshin.musou_voice": {
		"sounds": [
			"genshin/musou_voice"
		]
	},
	"exweapons.genshin.musou_voice2": {
		"sounds": [
			"genshin/musou_voice2"
		]
	},
	"exweapons.genshin.musou_voice3": {
		"sounds": [
			"genshin/musou_voice3"
		]
	},
	"exweapons.genshin.musou_voice4": {
		"sounds": [
			"genshin/musou_voice4"
		]
	},
	"exweapons.genshin.musou_attack": {
		"sounds": [
			"genshin/musou_attack"
		]
	},
	"exweapons.genshin.musou_attack2": {
		"sounds": [
			"genshin/musou_attack2"
		]
	},
	"exweapons.genshin.musou_attack3": {
		"sounds": [
			"genshin/musou_attack3"
		]
	},
	"exweapons.genshin.musou_attack4": {
		"sounds": [
			"genshin/musou_attack4"
		]
	},
	"exweapons.genshin.musou_attack5": {
		"sounds": [
			"genshin/musou_attack5"
		]
	},
	"exweapons.xenoblade.ingaritu": {
		"sounds": [
			"xenoblade/ingaritu"
		]
	}
}