{
	"credit": "Made with Blockbench",
	"textures": {
		"0": "item/weapon/siruba_uruhu/texture1",
		"1": "item/weapon/siruba_uruhu/texture2",
		"2": "item/weapon/siruba_uruhu/texture3",
		"3": "item/weapon/siruba_uruhu/texture4",
		"4": "item/weapon/siruba_uruhu/texture5",
		"5": "item/weapon/siruba_uruhu/texture6",
		"6": "item/weapon/siruba_uruhu/texture7",
		"7": "item/weapon/siruba_uruhu/texture8",
		"8": "item/weapon/siruba_uruhu/texture9",
		"9": "item/weapon/siruba_uruhu/texture10",
		"particle": "item/weapon/siruba_uruhu/texture1"
	},
	"elements": [
		{
			"from": [23, -16, 5],
			"to": [25, -14, 6],
			"rotation": {"angle": 45, "axis": "z", "origin": [-3, 0, -2]},
			"faces": {
				"north": {"uv": [0, 0, 4, 4], "texture": "#3"},
				"east": {"uv": [0, 0, 2, 4], "texture": "#3"},
				"south": {"uv": [0, 0, 4, 4], "texture": "#3"},
				"west": {"uv": [0, 0, 2, 4], "texture": "#3"},
				"up": {"uv": [0, 0, 4, 2], "texture": "#3"},
				"down": {"uv": [0, 0, 4, 2], "texture": "#3"}
			}
		},
		{
			"from": [7.3, 7.2, 5],
			"to": [26.7, 9.9, 6],
			"rotation": {"angle": 0, "axis": "y", "origin": [-3, 0, 2]},
			"faces": {
				"north": {"uv": [0, 0, 32, 32], "texture": "#3"},
				"east": {"uv": [0, 0, 4, 5.4], "texture": "#3"},
				"south": {"uv": [0, 0, 22, 5.4], "texture": "#3"},
				"west": {"uv": [0, 0, 4, 5.4], "texture": "#3"},
				"up": {"uv": [0, 0, 22, 4], "texture": "#3"},
				"down": {"uv": [0, 0, 22, 4], "texture": "#3"}
			}
		},
		{
			"from": [20.5, 9.9, 5],
			"to": [23.5, 10.4, 6],
			"rotation": {"angle": 0, "axis": "y", "origin": [-3, 0, 2]},
			"faces": {
				"north": {"uv": [0, 0, 6, 1], "texture": "#3"},
				"east": {"uv": [0, 0, 2, 1], "texture": "#3"},
				"south": {"uv": [0, 0, 6, 1], "texture": "#3"},
				"west": {"uv": [0, 0, 2, 1], "texture": "#3"},
				"up": {"uv": [0, 0, 6, 2], "texture": "#3"},
				"down": {"uv": [0, 0, 6, 2], "texture": "#3"}
			}
		},
		{
			"from": [15.5, 9.9, 5],
			"to": [20.5, 10.9, 6],
			"rotation": {"angle": 0, "axis": "y", "origin": [-3, 0, 2]},
			"faces": {
				"north": {"uv": [0, 0, 10, 2], "texture": "#3"},
				"east": {"uv": [0, 0, 2, 2], "texture": "#3"},
				"south": {"uv": [0, 0, 10, 2], "texture": "#3"},
				"west": {"uv": [0, 0, 2, 2], "texture": "#3"},
				"up": {"uv": [0, 0, 10, 2], "texture": "#3"},
				"down": {"uv": [0, 0, 10, 2], "texture": "#3"}
			}
		},
		{
			"from": [7.5, 9.9, 5],
			"to": [15.5, 11.4, 6],
			"rotation": {"angle": 0, "axis": "y", "origin": [-3, 0, 2]},
			"faces": {
				"north": {"uv": [0, 0, 16, 3], "texture": "#3"},
				"east": {"uv": [0, 0, 2, 3], "texture": "#3"},
				"south": {"uv": [0, 0, 16, 3], "texture": "#3"},
				"west": {"uv": [0, 0, 2, 3], "texture": "#3"},
				"up": {"uv": [0, 0, 16, 2], "texture": "#3"},
				"down": {"uv": [0, 0, 16, 2], "texture": "#3"}
			}
		},
		{
			"from": [7.5, 5.8, 5],
			"to": [15.5, 7.3, 6],
			"rotation": {"angle": 0, "axis": "y", "origin": [-3, 0, 2]},
			"faces": {
				"north": {"uv": [0, 0, 16, 3], "texture": "#3"},
				"east": {"uv": [0, 0, 2, 3], "texture": "#3"},
				"south": {"uv": [0, 0, 16, 3], "texture": "#3"},
				"west": {"uv": [0, 0, 2, 3], "texture": "#3"},
				"up": {"uv": [0, 0, 16, 2], "texture": "#3"},
				"down": {"uv": [0, 0, 16, 2], "texture": "#3"}
			}
		},
		{
			"from": [15.5, 6.3, 5],
			"to": [20.5, 7.3, 6],
			"rotation": {"angle": 0, "axis": "y", "origin": [-3, 0, 2]},
			"faces": {
				"north": {"uv": [0, 0, 10, 2], "texture": "#3"},
				"east": {"uv": [0, 0, 2, 2], "texture": "#3"},
				"south": {"uv": [0, 0, 10, 2], "texture": "#3"},
				"west": {"uv": [0, 0, 2, 2], "texture": "#3"},
				"up": {"uv": [0, 0, 10, 2], "texture": "#3"},
				"down": {"uv": [0, 0, 10, 2], "texture": "#3"}
			}
		},
		{
			"from": [20.5, 6.7, 5],
			"to": [23.5, 7.2, 6],
			"rotation": {"angle": 0, "axis": "y", "origin": [-3, 0, 2]},
			"faces": {
				"north": {"uv": [0, 0, 6, 1], "texture": "#3"},
				"east": {"uv": [0, 0, 2, 1], "texture": "#3"},
				"south": {"uv": [0, 0, 6, 1], "texture": "#3"},
				"west": {"uv": [0, 0, 2, 1], "texture": "#3"},
				"up": {"uv": [0, 0, 6, 2], "texture": "#3"},
				"down": {"uv": [0, 0, 6, 2], "texture": "#3"}
			}
		},
		{
			"from": [22.3, 7, 5],
			"to": [25.3, 7.2, 6],
			"rotation": {"angle": 0, "axis": "y", "origin": [-3, 0, 2]},
			"faces": {
				"north": {"uv": [0, 0, 6, 0.4], "texture": "#3"},
				"east": {"uv": [0, 0, 2, 0.4], "texture": "#3"},
				"south": {"uv": [0, 0, 6, 0.4], "texture": "#3"},
				"west": {"uv": [0, 0, 2, 0.4], "texture": "#3"},
				"up": {"uv": [0, 0, 6, 2], "texture": "#3"},
				"down": {"uv": [0, 0, 6, 2], "texture": "#3"}
			}
		},
		{
			"from": [22.3, 9.8, 5],
			"to": [25.3, 10, 6],
			"rotation": {"angle": 0, "axis": "y", "origin": [-3, 0, 2]},
			"faces": {
				"north": {"uv": [0, 0, 6, 0.4], "texture": "#3"},
				"east": {"uv": [0, 0, 2, 0.4], "texture": "#3"},
				"south": {"uv": [0, 0, 6, 0.4], "texture": "#3"},
				"west": {"uv": [0, 0, 2, 0.4], "texture": "#3"},
				"up": {"uv": [0, 0, 6, 2], "texture": "#3"},
				"down": {"uv": [0, 0, 6, 2], "texture": "#3"}
			}
		},
		{
			"from": [22.3, 9.8, 6.02],
			"to": [25.3, 9.9, 6.02],
			"rotation": {"angle": 0, "axis": "y", "origin": [-3, 0, 3]},
			"faces": {
				"north": {"uv": [1.5, 6.5, 3, 6.5625], "texture": "#2"},
				"east": {"uv": [0, 0, 0, 0.0625], "texture": "#2"},
				"south": {"uv": [3, 6.5, 4.5, 6.5625], "texture": "#2"},
				"west": {"uv": [0, 0, 0, 0.0625], "texture": "#2"},
				"up": {"uv": [1.5, 0, 0, 0], "texture": "#2"},
				"down": {"uv": [1.5, 0, 0, 0], "texture": "#2"}
			}
		},
		{
			"from": [23, -15.75, 6.02],
			"to": [24.8, -13.95, 6.02],
			"rotation": {"angle": 45, "axis": "z", "origin": [-3, 0, -1]},
			"faces": {
				"north": {"uv": [2.5, 5.5, 3.40625, 6.40625], "texture": "#2"},
				"east": {"uv": [0, 0, 0, 0.90625], "texture": "#2"},
				"south": {"uv": [3.5, 5.5, 4.40625, 6.40625], "texture": "#2"},
				"west": {"uv": [0, 0, 0, 0.90625], "texture": "#2"},
				"up": {"uv": [0.90625, 0, 0, 0], "texture": "#2"},
				"down": {"uv": [0.90625, 0, 0, 0], "texture": "#2"}
			}
		},
		{
			"from": [7.3, 7.3, 6.02],
			"to": [26.6, 9.8, 6.02],
			"rotation": {"angle": 0, "axis": "y", "origin": [-3, 0, 3]},
			"faces": {
				"north": {"uv": [0, 0, 9.65625, 1.25], "texture": "#2"},
				"east": {"uv": [0, 0, 0, 1.25], "texture": "#2"},
				"south": {"uv": [0, 1.5, 9.65625, 2.75], "texture": "#2"},
				"west": {"uv": [0, 0, 0, 1.25], "texture": "#2"},
				"up": {"uv": [9.65625, 0, 0, 0], "texture": "#2"},
				"down": {"uv": [9.65625, 0, 0, 0], "texture": "#2"}
			}
		},
		{
			"from": [20.5, 9.8, 6.02],
			"to": [23.5, 10.3, 6.02],
			"rotation": {"angle": 0, "axis": "y", "origin": [-3, 0, 3]},
			"faces": {
				"north": {"uv": [4.5, 5.5, 6, 5.75], "texture": "#2"},
				"east": {"uv": [0, 0, 0, 0.25], "texture": "#2"},
				"south": {"uv": [0, 6, 1.5, 6.25], "texture": "#2"},
				"west": {"uv": [0, 0, 0, 0.25], "texture": "#2"},
				"up": {"uv": [1.5, 0, 0, 0], "texture": "#2"},
				"down": {"uv": [1.5, 0, 0, 0], "texture": "#2"}
			}
		},
		{
			"from": [15.5, 9.6, 6.02],
			"to": [20.5, 10.6, 6.02],
			"rotation": {"angle": 0, "axis": "y", "origin": [-3, 0, 3]},
			"faces": {
				"north": {"uv": [0, 5, 2.5, 5.5], "texture": "#2"},
				"east": {"uv": [0, 0, 0, 0.5], "texture": "#2"},
				"south": {"uv": [2.5, 5, 5, 5.5], "texture": "#2"},
				"west": {"uv": [0, 0, 0, 0.5], "texture": "#2"},
				"up": {"uv": [2.5, 0, 0, 0], "texture": "#2"},
				"down": {"uv": [2.5, 0, 0, 0], "texture": "#2"}
			}
		},
		{
			"from": [7.5, 9.7, 6.02],
			"to": [15.5, 11.2, 6.02],
			"rotation": {"angle": 0, "axis": "y", "origin": [-3, 0, 3]},
			"faces": {
				"north": {"uv": [0, 3, 4, 3.75], "texture": "#2"},
				"east": {"uv": [0, 0, 0, 0.75], "texture": "#2"},
				"south": {"uv": [0, 4, 4, 4.75], "texture": "#2"},
				"west": {"uv": [0, 0, 0, 0.75], "texture": "#2"},
				"up": {"uv": [4, 0, 0, 0], "texture": "#2"},
				"down": {"uv": [4, 0, 0, 0], "texture": "#2"}
			}
		},
		{
			"from": [7.5, 6, 6.02],
			"to": [15.5, 7.3, 6.02],
			"rotation": {"angle": 0, "axis": "y", "origin": [-3, 0, 3]},
			"faces": {
				"north": {"uv": [4, 3, 8, 3.65625], "texture": "#2"},
				"east": {"uv": [0, 0, 0, 0.65625], "texture": "#2"},
				"south": {"uv": [4, 4, 8, 4.65625], "texture": "#2"},
				"west": {"uv": [0, 0, 0, 0.65625], "texture": "#2"},
				"up": {"uv": [4, 0, 0, 0], "texture": "#2"},
				"down": {"uv": [4, 0, 0, 0], "texture": "#2"}
			}
		},
		{
			"from": [15.5, 6.5, 6.02],
			"to": [20.5, 7.3, 6.02],
			"rotation": {"angle": 0, "axis": "y", "origin": [-3, 0, 3]},
			"faces": {
				"north": {"uv": [5, 5, 7.5, 5.40625], "texture": "#2"},
				"east": {"uv": [0, 0, 0, 0.40625], "texture": "#2"},
				"south": {"uv": [0, 5.5, 2.5, 5.90625], "texture": "#2"},
				"west": {"uv": [0, 0, 0, 0.40625], "texture": "#2"},
				"up": {"uv": [2.5, 0, 0, 0], "texture": "#2"},
				"down": {"uv": [2.5, 0, 0, 0], "texture": "#2"}
			}
		},
		{
			"from": [20.5, 6.8, 6.02],
			"to": [23.5, 7.3, 6.02],
			"rotation": {"angle": 0, "axis": "y", "origin": [-3, 0, 3]},
			"faces": {
				"north": {"uv": [4.5, 6, 6, 6.25], "texture": "#2"},
				"east": {"uv": [0, 0, 0, 0.25], "texture": "#2"},
				"south": {"uv": [6, 5.5, 7.5, 5.75], "texture": "#2"},
				"west": {"uv": [0, 0, 0, 0.25], "texture": "#2"},
				"up": {"uv": [1.5, 0, 0, 0], "texture": "#2"},
				"down": {"uv": [1.5, 0, 0, 0], "texture": "#2"}
			}
		},
		{
			"from": [22.3, 7.1, 6.02],
			"to": [25.3, 7.3, 6.02],
			"rotation": {"angle": 0, "axis": "y", "origin": [-3, 0, 3]},
			"faces": {
				"north": {"uv": [6, 6, 7.5, 6.09375], "texture": "#2"},
				"east": {"uv": [0, 0, 0, 0.09375], "texture": "#2"},
				"south": {"uv": [0, 6.5, 1.5, 6.59375], "texture": "#2"},
				"west": {"uv": [0, 0, 0, 0.09375], "texture": "#2"},
				"up": {"uv": [1.5, 0, 0, 0], "texture": "#2"},
				"down": {"uv": [1.5, 0, 0, 0], "texture": "#2"}
			}
		},
		{
			"from": [7.3, 5.2, 4.98],
			"to": [29.3, 12.2, 4.98],
			"rotation": {"angle": 0, "axis": "y", "origin": [-3, 0, 8.5]},
			"faces": {
				"north": {"uv": [11, 3.5, 0, 7], "texture": "#4"},
				"east": {"uv": [0, 12.5, 0, 16], "texture": "#4"},
				"south": {"uv": [0, 3.5, 11, 7], "texture": "#4"},
				"west": {"uv": [0, 12.5, 0, 16], "texture": "#4"},
				"up": {"uv": [11, 16, 0, 16], "texture": "#4"},
				"down": {"uv": [11, 16, 0, 16], "texture": "#4"}
			}
		},
		{
			"from": [23, -16, 10.5],
			"to": [25, -14, 11.5],
			"rotation": {"angle": 45, "axis": "z", "origin": [-3, 0, 3.5]},
			"faces": {
				"north": {"uv": [0, 0, 4, 4], "texture": "#3"},
				"east": {"uv": [4, 0, 6, 4], "texture": "#3"},
				"south": {"uv": [0, 4, 4, 8], "texture": "#3"},
				"west": {"uv": [4, 4, 6, 8], "texture": "#3"},
				"up": {"uv": [10, 2, 6, 0], "texture": "#3"},
				"down": {"uv": [10, 2, 6, 4], "texture": "#3"}
			}
		},
		{
			"from": [7.3, 7.2, 10.5],
			"to": [26.6, 9.9, 11.5],
			"rotation": {"angle": 0, "axis": "y", "origin": [-3, 0, 7.5]},
			"faces": {
				"north": {"uv": [0, 0, 32, 32], "texture": "#3"},
				"east": {"uv": [0, 0, 4, 5.4], "texture": "#3"},
				"south": {"uv": [0, 0, 22, 5.4], "texture": "#3"},
				"west": {"uv": [0, 0, 4, 5.4], "texture": "#3"},
				"up": {"uv": [0, 0, 22, 4], "texture": "#3"},
				"down": {"uv": [0, 0, 22, 4], "texture": "#3"}
			}
		},
		{
			"from": [20.5, 9.9, 10.5],
			"to": [23.5, 10.4, 11.5],
			"rotation": {"angle": 0, "axis": "y", "origin": [-3, 0, 7.5]},
			"faces": {
				"north": {"uv": [0, 0, 6, 1], "texture": "#3"},
				"east": {"uv": [0, 0, 2, 1], "texture": "#3"},
				"south": {"uv": [0, 0, 6, 1], "texture": "#3"},
				"west": {"uv": [0, 0, 2, 1], "texture": "#3"},
				"up": {"uv": [0, 0, 6, 2], "texture": "#3"},
				"down": {"uv": [0, 0, 6, 2], "texture": "#3"}
			}
		},
		{
			"from": [15.5, 9.9, 10.5],
			"to": [20.5, 10.9, 11.5],
			"rotation": {"angle": 0, "axis": "y", "origin": [-3, 0, 7.5]},
			"faces": {
				"north": {"uv": [0, 0, 10, 2], "texture": "#3"},
				"east": {"uv": [0, 0, 2, 2], "texture": "#3"},
				"south": {"uv": [0, 0, 10, 2], "texture": "#3"},
				"west": {"uv": [0, 0, 2, 2], "texture": "#3"},
				"up": {"uv": [0, 0, 10, 2], "texture": "#3"},
				"down": {"uv": [0, 0, 10, 2], "texture": "#3"}
			}
		},
		{
			"from": [7.5, 9.9, 10.5],
			"to": [15.5, 11.4, 11.5],
			"rotation": {"angle": 0, "axis": "y", "origin": [-3, 0, 7.5]},
			"faces": {
				"north": {"uv": [0, 0, 16, 3], "texture": "#3"},
				"east": {"uv": [0, 0, 2, 3], "texture": "#3"},
				"south": {"uv": [0, 0, 16, 3], "texture": "#3"},
				"west": {"uv": [0, 0, 2, 3], "texture": "#3"},
				"up": {"uv": [0, 0, 16, 2], "texture": "#3"},
				"down": {"uv": [0, 0, 16, 2], "texture": "#3"}
			}
		},
		{
			"from": [7.5, 5.8, 10.5],
			"to": [15.5, 7.3, 11.5],
			"rotation": {"angle": 0, "axis": "y", "origin": [-3, 0, 7.5]},
			"faces": {
				"north": {"uv": [0, 0, 16, 3], "texture": "#3"},
				"east": {"uv": [0, 0, 2, 3], "texture": "#3"},
				"south": {"uv": [0, 0, 16, 3], "texture": "#3"},
				"west": {"uv": [0, 0, 2, 3], "texture": "#3"},
				"up": {"uv": [0, 0, 16, 2], "texture": "#3"},
				"down": {"uv": [0, 0, 16, 2], "texture": "#3"}
			}
		},
		{
			"from": [15.5, 6.3, 10.5],
			"to": [20.5, 7.3, 11.5],
			"rotation": {"angle": 0, "axis": "y", "origin": [-3, 0, 7.5]},
			"faces": {
				"north": {"uv": [0, 0, 10, 2], "texture": "#3"},
				"east": {"uv": [0, 0, 2, 2], "texture": "#3"},
				"south": {"uv": [0, 0, 10, 2], "texture": "#3"},
				"west": {"uv": [0, 0, 2, 2], "texture": "#3"},
				"up": {"uv": [0, 0, 10, 2], "texture": "#3"},
				"down": {"uv": [0, 0, 10, 2], "texture": "#3"}
			}
		},
		{
			"from": [20.5, 6.7, 10.5],
			"to": [23.5, 7.2, 11.5],
			"rotation": {"angle": 0, "axis": "y", "origin": [-3, 0, 7.5]},
			"faces": {
				"north": {"uv": [0, 0, 6, 1], "texture": "#3"},
				"east": {"uv": [0, 0, 2, 1], "texture": "#3"},
				"south": {"uv": [0, 0, 6, 1], "texture": "#3"},
				"west": {"uv": [0, 0, 2, 1], "texture": "#3"},
				"up": {"uv": [0, 0, 6, 2], "texture": "#3"},
				"down": {"uv": [0, 0, 6, 2], "texture": "#3"}
			}
		},
		{
			"from": [22.3, 7, 10.5],
			"to": [25.3, 7.2, 11.5],
			"rotation": {"angle": 0, "axis": "y", "origin": [-3, 0, 7.5]},
			"faces": {
				"north": {"uv": [0, 0, 6, 0.4], "texture": "#3"},
				"east": {"uv": [0, 0, 2, 0.4], "texture": "#3"},
				"south": {"uv": [0, 0, 6, 0.4], "texture": "#3"},
				"west": {"uv": [0, 0, 2, 0.4], "texture": "#3"},
				"up": {"uv": [0, 0, 6, 2], "texture": "#3"},
				"down": {"uv": [0, 0, 6, 2], "texture": "#3"}
			}
		},
		{
			"from": [22.3, 9.8, 10.5],
			"to": [25.3, 10, 11.5],
			"rotation": {"angle": 0, "axis": "y", "origin": [-3, 0, 7.5]},
			"faces": {
				"north": {"uv": [0, 0, 6, 0.4], "texture": "#3"},
				"east": {"uv": [0, 0, 2, 0.4], "texture": "#3"},
				"south": {"uv": [0, 0, 6, 0.4], "texture": "#3"},
				"west": {"uv": [0, 0, 2, 0.4], "texture": "#3"},
				"up": {"uv": [0, 0, 6, 2], "texture": "#3"},
				"down": {"uv": [0, 0, 6, 2], "texture": "#3"}
			}
		},
		{
			"from": [22.3, 9.8, 10.48],
			"to": [25.3, 9.9, 10.48],
			"rotation": {"angle": 0, "axis": "y", "origin": [-3, 0, 7.5]},
			"faces": {
				"north": {"uv": [0, 0, 6, 0.2], "texture": "#2"},
				"east": {"uv": [0, 0, 0, 0.2], "texture": "#2"},
				"south": {"uv": [0, 0, 6, 0.2], "texture": "#2"},
				"west": {"uv": [0, 0, 0, 0.2], "texture": "#2"},
				"up": {"uv": [0, 0, 6, 0], "texture": "#2"},
				"down": {"uv": [0, 0, 6, 0], "texture": "#2"}
			}
		},
		{
			"from": [23, -15.75, 10.48],
			"to": [24.8, -13.95, 10.48],
			"rotation": {"angle": 45, "axis": "z", "origin": [-3, 0, 3.5]},
			"faces": {
				"north": {"uv": [0, 0, 3.6, 3.6], "texture": "#2"},
				"east": {"uv": [0, 0, 0, 3.6], "texture": "#2"},
				"south": {"uv": [0, 0, 3.6, 3.6], "texture": "#2"},
				"west": {"uv": [0, 0, 0, 3.6], "texture": "#2"},
				"up": {"uv": [0, 0, 3.6, 0], "texture": "#2"},
				"down": {"uv": [0, 0, 3.6, 0], "texture": "#2"}
			}
		},
		{
			"from": [7.3, 7.3, 10.48],
			"to": [26.6, 9.8, 10.48],
			"rotation": {"angle": 0, "axis": "y", "origin": [-3, 0, 7.5]},
			"faces": {
				"north": {"uv": [0, 0, 32, 32], "texture": "#2"},
				"east": {"uv": [0, 0, 4, 5.4], "texture": "#2"},
				"south": {"uv": [0, 0, 22, 5.4], "texture": "#2"},
				"west": {"uv": [0, 0, 4, 5.4], "texture": "#2"},
				"up": {"uv": [0, 0, 22, 4], "texture": "#2"},
				"down": {"uv": [0, 0, 22, 4], "texture": "#2"}
			}
		},
		{
			"from": [20.5, 9.8, 10.48],
			"to": [23.5, 10.3, 10.48],
			"rotation": {"angle": 0, "axis": "y", "origin": [-3, 0, 7.5]},
			"faces": {
				"north": {"uv": [0, 0, 6, 1], "texture": "#2"},
				"east": {"uv": [0, 0, 0, 1], "texture": "#2"},
				"south": {"uv": [0, 0, 6, 1], "texture": "#2"},
				"west": {"uv": [0, 0, 0, 1], "texture": "#2"},
				"up": {"uv": [0, 0, 6, 0], "texture": "#2"},
				"down": {"uv": [0, 0, 6, 0], "texture": "#2"}
			}
		},
		{
			"from": [15.5, 9.6, 10.48],
			"to": [20.5, 10.6, 10.48],
			"rotation": {"angle": 0, "axis": "y", "origin": [-3, 0, 7.5]},
			"faces": {
				"north": {"uv": [0, 0, 10, 2], "texture": "#2"},
				"east": {"uv": [0, 0, 0, 2], "texture": "#2"},
				"south": {"uv": [0, 0, 10, 2], "texture": "#2"},
				"west": {"uv": [0, 0, 0, 2], "texture": "#2"},
				"up": {"uv": [0, 0, 10, 0], "texture": "#2"},
				"down": {"uv": [0, 0, 10, 0], "texture": "#2"}
			}
		},
		{
			"from": [7.5, 9.7, 10.48],
			"to": [15.5, 11.2, 10.48],
			"rotation": {"angle": 0, "axis": "y", "origin": [-3, 0, 7.5]},
			"faces": {
				"north": {"uv": [0, 0, 16, 3], "texture": "#2"},
				"east": {"uv": [0, 0, 0, 3], "texture": "#2"},
				"south": {"uv": [0, 0, 16, 3], "texture": "#2"},
				"west": {"uv": [0, 0, 0, 3], "texture": "#2"},
				"up": {"uv": [0, 0, 16, 0], "texture": "#2"},
				"down": {"uv": [0, 0, 16, 0], "texture": "#2"}
			}
		},
		{
			"from": [7.5, 6, 10.48],
			"to": [15.5, 7.3, 10.48],
			"rotation": {"angle": 0, "axis": "y", "origin": [-3, 0, 7.5]},
			"faces": {
				"north": {"uv": [0, 0, 16, 2.6], "texture": "#2"},
				"east": {"uv": [0, 0, 0, 2.6], "texture": "#2"},
				"south": {"uv": [0, 0, 16, 2.6], "texture": "#2"},
				"west": {"uv": [0, 0, 0, 2.6], "texture": "#2"},
				"up": {"uv": [0, 0, 16, 0], "texture": "#2"},
				"down": {"uv": [0, 0, 16, 0], "texture": "#2"}
			}
		},
		{
			"from": [15.5, 6.5, 10.48],
			"to": [20.5, 7.3, 10.48],
			"rotation": {"angle": 0, "axis": "y", "origin": [-3, 0, 7.5]},
			"faces": {
				"north": {"uv": [0, 0, 10, 1.6], "texture": "#2"},
				"east": {"uv": [0, 0, 0, 1.6], "texture": "#2"},
				"south": {"uv": [0, 0, 10, 1.6], "texture": "#2"},
				"west": {"uv": [0, 0, 0, 1.6], "texture": "#2"},
				"up": {"uv": [0, 0, 10, 0], "texture": "#2"},
				"down": {"uv": [0, 0, 10, 0], "texture": "#2"}
			}
		},
		{
			"from": [20.5, 6.8, 10.48],
			"to": [23.5, 7.3, 10.48],
			"rotation": {"angle": 0, "axis": "y", "origin": [-3, 0, 7.5]},
			"faces": {
				"north": {"uv": [0, 0, 6, 1], "texture": "#2"},
				"east": {"uv": [0, 0, 0, 1], "texture": "#2"},
				"south": {"uv": [0, 0, 6, 1], "texture": "#2"},
				"west": {"uv": [0, 0, 0, 1], "texture": "#2"},
				"up": {"uv": [0, 0, 6, 0], "texture": "#2"},
				"down": {"uv": [0, 0, 6, 0], "texture": "#2"}
			}
		},
		{
			"from": [22.3, 7.1, 10.48],
			"to": [25.3, 7.3, 10.48],
			"rotation": {"angle": 0, "axis": "y", "origin": [-3, 0, 7.5]},
			"faces": {
				"north": {"uv": [0, 0, 6, 0.4], "texture": "#2"},
				"east": {"uv": [0, 0, 0, 0.4], "texture": "#2"},
				"south": {"uv": [0, 0, 6, 0.4], "texture": "#2"},
				"west": {"uv": [0, 0, 0, 0.4], "texture": "#2"},
				"up": {"uv": [0, 0, 6, 0], "texture": "#2"},
				"down": {"uv": [0, 0, 6, 0], "texture": "#2"}
			}
		},
		{
			"from": [7.3, 5.2, 11.52],
			"to": [29.3, 12.2, 11.52],
			"rotation": {"angle": 0, "axis": "y", "origin": [-3, 0, 8.5]},
			"faces": {
				"north": {"uv": [1.09375, 15.125, 0, 16], "texture": "#4"},
				"east": {"uv": [0, 12.5, 0, 16], "texture": "#4"},
				"south": {"uv": [0, 3.5, 11, 7], "texture": "#4"},
				"west": {"uv": [0, 12.5, 0, 16], "texture": "#4"},
				"up": {"uv": [11, 16, 0, 16], "texture": "#4"},
				"down": {"uv": [11, 16, 0, 16], "texture": "#4"}
			}
		},
		{
			"from": [-1.2, 15.3, 5.1],
			"to": [1.8, 17.3, 6.1],
			"rotation": {"angle": -22.5, "axis": "z", "origin": [-10, 0, 2.1]},
			"faces": {
				"north": {"uv": [0, 0, 6, 4], "texture": "#7"},
				"east": {"uv": [0, 0, 2, 4], "texture": "#7"},
				"south": {"uv": [0, 0, 6, 4], "texture": "#7"},
				"west": {"uv": [0, 0, 2, 4], "texture": "#7"},
				"up": {"uv": [6, 2, 0, 0], "texture": "#7"},
				"down": {"uv": [6, 0, 0, 2], "texture": "#7"}
			}
		},
		{
			"from": [0.9, 6.8, 4.61],
			"to": [6.9, 9.8, 5.61],
			"rotation": {"angle": 0, "axis": "y", "origin": [-10, 0, 2.1]},
			"faces": {
				"north": {"uv": [0, 0, 12, 6], "texture": "#3"},
				"east": {"uv": [0, 0, 2, 6], "texture": "#3"},
				"south": {"uv": [0, 0, 12, 6], "texture": "#3"},
				"west": {"uv": [0, 0, 2, 6], "texture": "#3"},
				"up": {"uv": [0, 0, 12, 2], "texture": "#3"},
				"down": {"uv": [0, 0, 12, 2], "texture": "#3"}
			}
		},
		{
			"from": [0.8, 7.6, 4.85],
			"to": [6.8, 10.6, 5.85],
			"rotation": {"angle": 0, "axis": "y", "origin": [-10, 0, 2.1]},
			"faces": {
				"north": {"uv": [0, 0, 12, 6], "texture": "#7"},
				"east": {"uv": [0, 0, 2, 6], "texture": "#7"},
				"south": {"uv": [0, 0, 12, 6], "texture": "#7"},
				"west": {"uv": [0, 0, 2, 6], "texture": "#7"},
				"up": {"uv": [0, 0, 12, 2], "texture": "#7"},
				"down": {"uv": [0, 0, 12, 2], "texture": "#7"}
			}
		},
		{
			"from": [-2, 11.9, 4.61],
			"to": [4, 14.9, 5.61],
			"rotation": {"angle": -22.5, "axis": "z", "origin": [-10, 0, 2.1]},
			"faces": {
				"north": {"uv": [0, 0, 12, 6], "texture": "#3"},
				"east": {"uv": [0, 0, 2, 6], "texture": "#3"},
				"south": {"uv": [0, 0, 12, 6], "texture": "#3"},
				"west": {"uv": [0, 0, 2, 6], "texture": "#3"},
				"up": {"uv": [0, 0, 12, 2], "texture": "#3"},
				"down": {"uv": [0, 0, 12, 2], "texture": "#3"}
			}
		},
		{
			"from": [-1.5, 6.55, 2.6],
			"to": [3.5, 7.05, 4.6],
			"rotation": {"angle": 0, "axis": "y", "origin": [-9, -1.25, 2.1]},
			"faces": {
				"north": {"uv": [0, 0, 10, 1], "texture": "#7"},
				"east": {"uv": [0, 0, 4, 1], "texture": "#7"},
				"south": {"uv": [0, 0, 10, 1], "texture": "#7"},
				"west": {"uv": [0, 0, 4, 1], "texture": "#7"},
				"up": {"uv": [0, 0, 10, 4], "texture": "#7"},
				"down": {"uv": [0, 0, 10, 4], "texture": "#7"}
			}
		},
		{
			"from": [-1.6, 6.55, -2.1],
			"to": [3.4, 7.05, -0.1],
			"rotation": {"angle": -22.5, "axis": "y", "origin": [-9, -1.25, 2.1]},
			"faces": {
				"north": {"uv": [0, 8, 10, 9], "texture": "#7"},
				"east": {"uv": [10, 0, 14, 1], "texture": "#7"},
				"south": {"uv": [0, 10, 10, 11], "texture": "#7"},
				"west": {"uv": [10, 2, 14, 3], "texture": "#7"},
				"up": {"uv": [10, 4, 0, 0], "texture": "#7"},
				"down": {"uv": [10, 4, 0, 8], "texture": "#7"}
			}
		},
		{
			"from": [1.1, 6.35, 2.9],
			"to": [4.1, 6.85, 5.9],
			"rotation": {"angle": 0, "axis": "y", "origin": [-9, -1.25, 2.1]},
			"faces": {
				"north": {"uv": [0, 0, 6, 1], "texture": "#5"},
				"east": {"uv": [0, 0, 6, 1], "texture": "#5"},
				"south": {"uv": [0, 0, 6, 1], "texture": "#5"},
				"west": {"uv": [0, 0, 6, 1], "texture": "#5"},
				"up": {"uv": [0, 0, 6, 6], "rotation": 90, "texture": "#5"},
				"down": {"uv": [0, 0, 6, 6], "rotation": 270, "texture": "#5"}
			}
		},
		{
			"from": [0.8, 10.6, 5.1],
			"to": [4.8, 12.6, 6.1],
			"rotation": {"angle": 0, "axis": "y", "origin": [-10, 0, 2.1]},
			"faces": {
				"north": {"uv": [0, 0, 8, 4], "texture": "#7"},
				"east": {"uv": [0, 0, 2, 4], "texture": "#7"},
				"south": {"uv": [0, 0, 8, 4], "texture": "#7"},
				"west": {"uv": [0, 0, 2, 4], "texture": "#7"},
				"up": {"uv": [0, 0, 8, 2], "texture": "#7"},
				"down": {"uv": [0, 0, 8, 2], "texture": "#7"}
			}
		},
		{
			"from": [4.5, 9.4, 5.1],
			"to": [7.5, 11.4, 6.1],
			"rotation": {"angle": 0, "axis": "y", "origin": [-10, 0, 2.1]},
			"faces": {
				"north": {"uv": [0, 0, 6, 4], "texture": "#7"},
				"east": {"uv": [0, 0, 2, 4], "texture": "#7"},
				"south": {"uv": [0, 0, 6, 4], "texture": "#7"},
				"west": {"uv": [0, 0, 2, 4], "texture": "#7"},
				"up": {"uv": [0, 0, 6, 2], "texture": "#7"},
				"down": {"uv": [0, 0, 6, 2], "texture": "#7"}
			}
		},
		{
			"name": "hexadecagon",
			"from": [6.70163, 6.8, 4.5],
			"to": [7.29837, 9.8, 5.5],
			"rotation": {"angle": -45, "axis": "z", "origin": [7, 8.3, 5]},
			"faces": {
				"north": {"uv": [0, 0, 0.5, 0.5], "texture": "#5"},
				"east": {"uv": [0, 0, 0.5, 0.5], "texture": "#5"},
				"south": {"uv": [0, 0, 0.5, 0.5], "texture": "#5"},
				"west": {"uv": [0, 0, 0.5, 0.5], "texture": "#5"},
				"up": {"uv": [0, 0, 0.5, 0.5], "texture": "#5"},
				"down": {"uv": [0, 0, 0.5, 0.5], "texture": "#5"}
			}
		},
		{
			"name": "hexadecagon",
			"from": [6.70163, 6.8, 4.5],
			"to": [7.29837, 9.8, 5.5],
			"rotation": {"angle": -22.5, "axis": "z", "origin": [7, 8.3, 5]},
			"faces": {
				"north": {"uv": [0, 0, 0.5, 0.5], "texture": "#5"},
				"east": {"uv": [0, 0, 0.5, 0.5], "texture": "#5"},
				"south": {"uv": [0, 0, 0.5, 0.5], "texture": "#5"},
				"west": {"uv": [0, 0, 0.5, 0.5], "texture": "#5"},
				"up": {"uv": [0, 0, 0.5, 0.5], "texture": "#5"},
				"down": {"uv": [0, 0, 0.5, 0.5], "texture": "#5"}
			}
		},
		{
			"name": "hexadecagon",
			"from": [6.70163, 6.8, 4.5],
			"to": [7.29837, 9.8, 5.5],
			"rotation": {"angle": 0, "axis": "y", "origin": [7, 8.3, 5]},
			"faces": {
				"north": {"uv": [0, 0, 0.5, 0.5], "texture": "#5"},
				"east": {"uv": [0, 0, 0.5, 0.5], "texture": "#5"},
				"south": {"uv": [0, 0, 0.5, 0.5], "texture": "#5"},
				"west": {"uv": [0, 0, 0.5, 0.5], "texture": "#5"},
				"up": {"uv": [0, 0, 0.5, 0.5], "texture": "#5"},
				"down": {"uv": [0, 0, 0.5, 0.5], "texture": "#5"}
			}
		},
		{
			"name": "hexadecagon",
			"from": [6.70163, 6.8, 4.5],
			"to": [7.29837, 9.8, 5.5],
			"rotation": {"angle": 22.5, "axis": "z", "origin": [7, 8.3, 5]},
			"faces": {
				"north": {"uv": [0, 0, 0.5, 0.5], "texture": "#5"},
				"east": {"uv": [0, 0, 0.5, 0.5], "texture": "#5"},
				"south": {"uv": [0, 0, 0.5, 0.5], "texture": "#5"},
				"west": {"uv": [0, 0, 0.5, 0.5], "texture": "#5"},
				"up": {"uv": [0, 0, 0.5, 0.5], "texture": "#5"},
				"down": {"uv": [0, 0, 0.5, 0.5], "texture": "#5"}
			}
		},
		{
			"name": "hexadecagon",
			"from": [6.70163, 6.8, 4.5],
			"to": [7.29837, 9.8, 5.5],
			"rotation": {"angle": 45, "axis": "z", "origin": [7, 8.3, 5]},
			"faces": {
				"north": {"uv": [0, 0, 0.5, 0.5], "texture": "#5"},
				"east": {"uv": [0, 0, 0.5, 0.5], "texture": "#5"},
				"south": {"uv": [0, 0, 0.5, 0.5], "texture": "#5"},
				"west": {"uv": [0, 0, 0.5, 0.5], "texture": "#5"},
				"up": {"uv": [0, 0, 0.5, 0.5], "texture": "#5"},
				"down": {"uv": [0, 0, 0.5, 0.5], "texture": "#5"}
			}
		},
		{
			"name": "hexadecagon",
			"from": [5.5, 8.00163, 4.5],
			"to": [8.5, 8.59837, 5.5],
			"rotation": {"angle": -22.5, "axis": "z", "origin": [7, 8.3, 5]},
			"faces": {
				"north": {"uv": [0, 0, 0.5, 0.5], "texture": "#5"},
				"east": {"uv": [0, 0, 0.5, 0.5], "texture": "#5"},
				"south": {"uv": [0, 0, 0.5, 0.5], "texture": "#5"},
				"west": {"uv": [0, 0, 0.5, 0.5], "texture": "#5"},
				"up": {"uv": [0, 0, 0.5, 0.5], "texture": "#5"},
				"down": {"uv": [0, 0, 0.5, 0.5], "texture": "#5"}
			}
		},
		{
			"name": "hexadecagon",
			"from": [5.5, 8.00163, 4.5],
			"to": [8.5, 8.59837, 5.5],
			"rotation": {"angle": 0, "axis": "y", "origin": [7, 8.3, 5]},
			"faces": {
				"north": {"uv": [0, 0, 0.5, 0.5], "texture": "#5"},
				"east": {"uv": [0, 0, 0.5, 0.5], "texture": "#5"},
				"south": {"uv": [0, 0, 0.5, 0.5], "texture": "#5"},
				"west": {"uv": [0, 0, 0.5, 0.5], "texture": "#5"},
				"up": {"uv": [0, 0, 0.5, 0.5], "texture": "#5"},
				"down": {"uv": [0, 0, 0.5, 0.5], "texture": "#5"}
			}
		},
		{
			"name": "hexadecagon",
			"from": [5.5, 8.00163, 4.5],
			"to": [8.5, 8.59837, 5.5],
			"rotation": {"angle": 22.5, "axis": "z", "origin": [7, 8.3, 5]},
			"faces": {
				"north": {"uv": [0, 0, 0.5, 0.5], "texture": "#5"},
				"east": {"uv": [0, 0, 0.5, 0.5], "texture": "#5"},
				"south": {"uv": [0, 0, 0.5, 0.5], "texture": "#5"},
				"west": {"uv": [0, 0, 0.5, 0.5], "texture": "#5"},
				"up": {"uv": [0, 0, 0.5, 0.5], "texture": "#5"},
				"down": {"uv": [0, 0, 0.5, 0.5], "texture": "#5"}
			}
		},
		{
			"from": [5.6, 6.8, 4.49],
			"to": [8.6, 9.8, 4.49],
			"rotation": {"angle": 0, "axis": "y", "origin": [-10, 0, 2.1]},
			"faces": {
				"north": {"uv": [4.75, 3.5625, 10.75, 9.5625], "texture": "#6"},
				"east": {"uv": [16, 0, 16, 6], "texture": "#6"},
				"south": {"uv": [14.9375, 0, 16, 1.0625], "texture": "#6"},
				"west": {"uv": [16, 0, 16, 6], "texture": "#6"},
				"up": {"uv": [16, 0, 10, 0], "texture": "#6"},
				"down": {"uv": [16, 0, 10, 0], "texture": "#6"}
			}
		},
		{
			"from": [1.1, 6.35, 10],
			"to": [4.1, 6.85, 13],
			"rotation": {"angle": 0, "axis": "y", "origin": [-9, -1.25, 9.2]},
			"faces": {
				"north": {"uv": [0, 0, 6, 1], "texture": "#5"},
				"east": {"uv": [0, 0, 6, 1], "texture": "#5"},
				"south": {"uv": [0, 0, 6, 1], "texture": "#5"},
				"west": {"uv": [0, 0, 6, 1], "texture": "#5"},
				"up": {"uv": [0, 0, 6, 6], "rotation": 90, "texture": "#5"},
				"down": {"uv": [0, 0, 6, 6], "rotation": 270, "texture": "#5"}
			}
		},
		{
			"from": [-1, 6.55, 10.7],
			"to": [4, 7.05, 12.7],
			"rotation": {"angle": 0, "axis": "y", "origin": [-9, -1.25, 9.2]},
			"faces": {
				"north": {"uv": [0, 0, 10, 1], "texture": "#7"},
				"east": {"uv": [0, 0, 4, 1], "texture": "#7"},
				"south": {"uv": [0, 0, 10, 1], "texture": "#7"},
				"west": {"uv": [0, 0, 4, 1], "texture": "#7"},
				"up": {"uv": [0, 0, 10, 4], "texture": "#7"},
				"down": {"uv": [0, 0, 10, 4], "texture": "#7"}
			}
		},
		{
			"from": [-3.1, 6.55, 15.5],
			"to": [1.9, 7.05, 17.5],
			"rotation": {"angle": 22.5, "axis": "y", "origin": [-9, -1.25, 9.2]},
			"faces": {
				"north": {"uv": [0, 0, 10, 1], "texture": "#7"},
				"east": {"uv": [0, 0, 4, 1], "texture": "#7"},
				"south": {"uv": [0, 0, 10, 1], "texture": "#7"},
				"west": {"uv": [0, 0, 4, 1], "texture": "#7"},
				"up": {"uv": [0, 0, 10, 4], "texture": "#7"},
				"down": {"uv": [0, 0, 10, 4], "texture": "#7"}
			}
		},
		{
			"from": [-1.2, 15.3, 10.25],
			"to": [1.8, 17.3, 11.25],
			"rotation": {"angle": -22.5, "axis": "z", "origin": [-10, 0, 7.25]},
			"faces": {
				"north": {"uv": [0, 0, 6, 4], "texture": "#7"},
				"east": {"uv": [0, 0, 2, 4], "texture": "#7"},
				"south": {"uv": [0, 0, 6, 4], "texture": "#7"},
				"west": {"uv": [0, 0, 2, 4], "texture": "#7"},
				"up": {"uv": [0, 0, 6, 2], "texture": "#7"},
				"down": {"uv": [0, 0, 6, 2], "texture": "#7"}
			}
		},
		{
			"from": [0.9, 6.8, 10.85],
			"to": [6.9, 9.8, 11.85],
			"rotation": {"angle": 0, "axis": "y", "origin": [-10, 0, 7.25]},
			"faces": {
				"north": {"uv": [0, 0, 12, 6], "texture": "#3"},
				"east": {"uv": [0, 0, 2, 6], "texture": "#3"},
				"south": {"uv": [0, 0, 12, 6], "texture": "#3"},
				"west": {"uv": [0, 0, 2, 6], "texture": "#3"},
				"up": {"uv": [0, 0, 12, 2], "texture": "#3"},
				"down": {"uv": [0, 0, 12, 2], "texture": "#3"}
			}
		},
		{
			"from": [0.8, 7.6, 10.75],
			"to": [6.8, 10.6, 11.75],
			"rotation": {"angle": 0, "axis": "y", "origin": [-10, 0, 7.25]},
			"faces": {
				"north": {"uv": [0, 0, 12, 6], "texture": "#7"},
				"east": {"uv": [0, 0, 2, 6], "texture": "#7"},
				"south": {"uv": [0, 0, 12, 6], "texture": "#7"},
				"west": {"uv": [0, 0, 2, 6], "texture": "#7"},
				"up": {"uv": [0, 0, 12, 2], "texture": "#7"},
				"down": {"uv": [0, 0, 12, 2], "texture": "#7"}
			}
		},
		{
			"from": [-2, 11.9, 10.35],
			"to": [4, 14.9, 11.35],
			"rotation": {"angle": -22.5, "axis": "z", "origin": [-10, 0, 7.25]},
			"faces": {
				"north": {"uv": [0, 0, 12, 6], "texture": "#3"},
				"east": {"uv": [0, 0, 2, 6], "texture": "#3"},
				"south": {"uv": [0, 0, 12, 6], "texture": "#3"},
				"west": {"uv": [0, 0, 2, 6], "texture": "#3"},
				"up": {"uv": [0, 0, 12, 2], "texture": "#3"},
				"down": {"uv": [0, 0, 12, 2], "texture": "#3"}
			}
		},
		{
			"from": [0.8, 9.6, 11.25],
			"to": [2.8, 10.6, 12.25],
			"rotation": {"angle": 0, "axis": "y", "origin": [-10, 0, 7.25]},
			"faces": {
				"north": {"uv": [0, 0, 4, 2], "texture": "#7"},
				"east": {"uv": [0, 0, 2, 2], "texture": "#7"},
				"south": {"uv": [0, 0, 4, 2], "texture": "#7"},
				"west": {"uv": [0, 0, 2, 2], "texture": "#7"},
				"up": {"uv": [0, 0, 4, 2], "texture": "#7"},
				"down": {"uv": [0, 0, 4, 2], "texture": "#7"}
			}
		},
		{
			"from": [0.8, 10.6, 10.25],
			"to": [4.8, 12.6, 11.25],
			"rotation": {"angle": 0, "axis": "y", "origin": [-10, 0, 7.25]},
			"faces": {
				"north": {"uv": [0, 0, 8, 4], "texture": "#7"},
				"east": {"uv": [0, 0, 2, 4], "texture": "#7"},
				"south": {"uv": [0, 0, 8, 4], "texture": "#7"},
				"west": {"uv": [0, 0, 2, 4], "texture": "#7"},
				"up": {"uv": [0, 0, 8, 2], "texture": "#7"},
				"down": {"uv": [0, 0, 8, 2], "texture": "#7"}
			}
		},
		{
			"from": [4.5, 9.4, 10.25],
			"to": [7.5, 11.4, 11.25],
			"rotation": {"angle": 0, "axis": "y", "origin": [-10, 0, 7.25]},
			"faces": {
				"north": {"uv": [0, 0, 6, 4], "texture": "#7"},
				"east": {"uv": [0, 0, 2, 4], "texture": "#7"},
				"south": {"uv": [0, 0, 6, 4], "texture": "#7"},
				"west": {"uv": [0, 0, 2, 4], "texture": "#7"},
				"up": {"uv": [0, 0, 6, 2], "texture": "#7"},
				"down": {"uv": [0, 0, 6, 2], "texture": "#7"}
			}
		},
		{
			"name": "hexadecagon",
			"from": [6.80163, 6.8, 10.95],
			"to": [7.39837, 9.8, 11.95],
			"rotation": {"angle": -45, "axis": "z", "origin": [7.1, 8.3, 11.45]},
			"faces": {
				"north": {"uv": [0, 0, 0.5, 0.5], "texture": "#5"},
				"east": {"uv": [0, 0, 0.5, 0.5], "texture": "#5"},
				"south": {"uv": [0, 0, 0.5, 0.5], "texture": "#5"},
				"west": {"uv": [0, 0, 0.5, 0.5], "texture": "#5"},
				"up": {"uv": [0, 0, 0.5, 0.5], "texture": "#5"},
				"down": {"uv": [0, 0, 0.5, 0.5], "texture": "#5"}
			}
		},
		{
			"name": "hexadecagon",
			"from": [6.80163, 6.8, 10.95],
			"to": [7.39837, 9.8, 11.95],
			"rotation": {"angle": -22.5, "axis": "z", "origin": [7.1, 8.3, 11.45]},
			"faces": {
				"north": {"uv": [0, 0, 0.5, 0.5], "texture": "#5"},
				"east": {"uv": [0, 0, 0.5, 0.5], "texture": "#5"},
				"south": {"uv": [0, 0, 0.5, 0.5], "texture": "#5"},
				"west": {"uv": [0, 0, 0.5, 0.5], "texture": "#5"},
				"up": {"uv": [0, 0, 0.5, 0.5], "texture": "#5"},
				"down": {"uv": [0, 0, 0.5, 0.5], "texture": "#5"}
			}
		},
		{
			"name": "hexadecagon",
			"from": [6.80163, 6.8, 10.95],
			"to": [7.39837, 9.8, 11.95],
			"rotation": {"angle": 0, "axis": "y", "origin": [7.1, 8.3, 11.45]},
			"faces": {
				"north": {"uv": [0, 0, 0.5, 0.5], "texture": "#5"},
				"east": {"uv": [0, 0, 0.5, 0.5], "texture": "#5"},
				"south": {"uv": [0, 0, 0.5, 0.5], "texture": "#5"},
				"west": {"uv": [0, 0, 0.5, 0.5], "texture": "#5"},
				"up": {"uv": [0, 0, 0.5, 0.5], "texture": "#5"},
				"down": {"uv": [0, 0, 0.5, 0.5], "texture": "#5"}
			}
		},
		{
			"name": "hexadecagon",
			"from": [6.80163, 6.8, 10.95],
			"to": [7.39837, 9.8, 11.95],
			"rotation": {"angle": 22.5, "axis": "z", "origin": [7.1, 8.3, 11.45]},
			"faces": {
				"north": {"uv": [0, 0, 0.5, 0.5], "texture": "#5"},
				"east": {"uv": [0, 0, 0.5, 0.5], "texture": "#5"},
				"south": {"uv": [0, 0, 0.5, 0.5], "texture": "#5"},
				"west": {"uv": [0, 0, 0.5, 0.5], "texture": "#5"},
				"up": {"uv": [0, 0, 0.5, 0.5], "texture": "#5"},
				"down": {"uv": [0, 0, 0.5, 0.5], "texture": "#5"}
			}
		},
		{
			"name": "hexadecagon",
			"from": [6.80163, 6.8, 10.95],
			"to": [7.39837, 9.8, 11.95],
			"rotation": {"angle": 45, "axis": "z", "origin": [7.1, 8.3, 11.45]},
			"faces": {
				"north": {"uv": [0, 0, 0.5, 0.5], "texture": "#5"},
				"east": {"uv": [0, 0, 0.5, 0.5], "texture": "#5"},
				"south": {"uv": [0, 0, 0.5, 0.5], "texture": "#5"},
				"west": {"uv": [0, 0, 0.5, 0.5], "texture": "#5"},
				"up": {"uv": [0, 0, 0.5, 0.5], "texture": "#5"},
				"down": {"uv": [0, 0, 0.5, 0.5], "texture": "#5"}
			}
		},
		{
			"name": "hexadecagon",
			"from": [5.6, 8.00163, 10.95],
			"to": [8.6, 8.59837, 11.95],
			"rotation": {"angle": -22.5, "axis": "z", "origin": [7.1, 8.3, 11.45]},
			"faces": {
				"north": {"uv": [0, 0, 0.5, 0.5], "texture": "#5"},
				"east": {"uv": [0, 0, 0.5, 0.5], "texture": "#5"},
				"south": {"uv": [0, 0, 0.5, 0.5], "texture": "#5"},
				"west": {"uv": [0, 0, 0.5, 0.5], "texture": "#5"},
				"up": {"uv": [0, 0, 0.5, 0.5], "texture": "#5"},
				"down": {"uv": [0, 0, 0.5, 0.5], "texture": "#5"}
			}
		},
		{
			"name": "hexadecagon",
			"from": [5.6, 8.00163, 10.95],
			"to": [8.6, 8.59837, 11.95],
			"rotation": {"angle": 0, "axis": "y", "origin": [7.1, 8.3, 11.45]},
			"faces": {
				"north": {"uv": [0, 0, 0.5, 0.5], "texture": "#5"},
				"east": {"uv": [0, 0, 0.5, 0.5], "texture": "#5"},
				"south": {"uv": [0, 0, 0.5, 0.5], "texture": "#5"},
				"west": {"uv": [0, 0, 0.5, 0.5], "texture": "#5"},
				"up": {"uv": [0, 0, 0.5, 0.5], "texture": "#5"},
				"down": {"uv": [0, 0, 0.5, 0.5], "texture": "#5"}
			}
		},
		{
			"name": "hexadecagon",
			"from": [5.6, 8.00163, 10.95],
			"to": [8.6, 8.59837, 11.95],
			"rotation": {"angle": 22.5, "axis": "z", "origin": [7.1, 8.3, 11.45]},
			"faces": {
				"north": {"uv": [0, 0, 0.5, 0.5], "texture": "#5"},
				"east": {"uv": [0, 0, 0.5, 0.5], "texture": "#5"},
				"south": {"uv": [0, 0, 0.5, 0.5], "texture": "#5"},
				"west": {"uv": [0, 0, 0.5, 0.5], "texture": "#5"},
				"up": {"uv": [0, 0, 0.5, 0.5], "texture": "#5"},
				"down": {"uv": [0, 0, 0.5, 0.5], "texture": "#5"}
			}
		},
		{
			"from": [5.6, 6.8, 11.95],
			"to": [8.6, 9.8, 11.95],
			"rotation": {"angle": 0, "axis": "y", "origin": [-10, 0, 2.1]},
			"faces": {
				"north": {"uv": [14.3125, 0, 16, 1.6875], "texture": "#6"},
				"east": {"uv": [16, 0, 16, 6], "texture": "#6"},
				"south": {"uv": [4.75, 3.5625, 10.75, 9.5625], "texture": "#6"},
				"west": {"uv": [16, 0, 16, 6], "texture": "#6"},
				"up": {"uv": [16, 0, 10, 0], "texture": "#6"},
				"down": {"uv": [16, 0, 10, 0], "texture": "#6"}
			}
		},
		{
			"from": [-3, 10.6, 5.8],
			"to": [2, 12.6, 10.8],
			"rotation": {"angle": 0, "axis": "y", "origin": [-11, 0, 0.8]},
			"faces": {
				"north": {"uv": [0, 2.375, 2.6875, 6.4375], "texture": "#8"},
				"east": {"uv": [0, 2.4375, 4.0625, 6.4375], "texture": "#8"},
				"south": {"uv": [0, 2.3125, 1.5, 6.4375], "texture": "#8"},
				"west": {"uv": [0, 0.8125, 5.125, 4.5], "texture": "#8"},
				"up": {"uv": [0, 0, 3.875, 5.5625], "texture": "#8"},
				"down": {"uv": [0, 0, 2.6875, 5.3125], "texture": "#8"}
			}
		},
		{
			"from": [-2.7, 11.6, 4.3],
			"to": [2.3, 13.6, 5.3],
			"rotation": {"angle": 0, "axis": "y", "origin": [-11, 0, 0.8]},
			"faces": {
				"north": {"uv": [0, 12, 2.625, 16], "texture": "#8"},
				"east": {"uv": [0, 12, 0, 16], "texture": "#8"},
				"south": {"uv": [0, 12, 2.625, 16], "texture": "#8"},
				"west": {"uv": [0, 12, 0, 16], "texture": "#8"},
				"up": {"uv": [0, 12, 2.625, 14], "texture": "#8"},
				"down": {"uv": [0, 12, 2.625, 14], "texture": "#8"}
			}
		},
		{
			"from": [-2.4, 11.6, 10.9],
			"to": [3.6, 13.6, 11.9],
			"rotation": {"angle": 0, "axis": "y", "origin": [-11, 0, 0.8]},
			"faces": {
				"north": {"uv": [0.125, 10.875, 2.5, 14.5], "texture": "#8"},
				"east": {"uv": [0.125, 10.875, 0.125, 14.5], "texture": "#8"},
				"south": {"uv": [0.125, 10.875, 2.5, 14.5], "texture": "#8"},
				"west": {"uv": [0.125, 10.875, 0.125, 14.5], "texture": "#8"},
				"up": {"uv": [0.125, 10.875, 2.5, 12.5], "texture": "#8"},
				"down": {"uv": [0.125, 10.875, 2.5, 12.5], "texture": "#8"}
			}
		},
		{
			"from": [-3.05, 11.61, 10.5],
			"to": [2.95, 13.61, 11.5],
			"rotation": {"angle": 0, "axis": "y", "origin": [-11, 0, 0.8]},
			"faces": {
				"north": {"uv": [0, 12.875, 4.75, 16], "texture": "#8"},
				"east": {"uv": [2.75, 12, 4.75, 16], "texture": "#8"},
				"south": {"uv": [0.8125, 12.9375, 4.75, 16], "texture": "#8"},
				"west": {"uv": [2.75, 12, 4.75, 16], "texture": "#8"},
				"up": {"uv": [0.75, 14, 4.75, 16], "texture": "#8"},
				"down": {"uv": [3.25, 13.625, 3.875, 15.625], "texture": "#8"}
			}
		},
		{
			"from": [-13.8, 13.6, 9.5],
			"to": [-8.8, 15.6, 10.5],
			"rotation": {"angle": -22.5, "axis": "z", "origin": [-11, 0, 0.8]},
			"faces": {
				"north": {"uv": [0, 11.5625, 2.5, 13.8125], "texture": "#8"},
				"east": {"uv": [0, 11.5625, 0, 13.8125], "texture": "#8"},
				"south": {"uv": [0, 11.5625, 2.5, 13.8125], "texture": "#8"},
				"west": {"uv": [0, 11.5625, 0, 13.8125], "texture": "#8"},
				"up": {"uv": [0, 11.5625, 2.5, 11.8125], "texture": "#8"},
				"down": {"uv": [0, 11.5625, 2.5, 11.8125], "texture": "#8"}
			}
		},
		{
			"from": [-6.8, 13.6, 7.5],
			"to": [-3.8, 15.6, 8.5],
			"rotation": {"angle": -22.5, "axis": "y", "origin": [-11, 0, 0.8]},
			"faces": {
				"north": {"uv": [0, 11.25, 6, 15.25], "texture": "#8"},
				"east": {"uv": [0, 11.25, 2, 15.25], "texture": "#8"},
				"south": {"uv": [0, 11.25, 6, 15.25], "texture": "#8"},
				"west": {"uv": [0, 11.25, 2, 15.25], "texture": "#8"},
				"up": {"uv": [0, 11.25, 6, 13.25], "rotation": 180, "texture": "#8"},
				"down": {"uv": [0, 11.25, 6, 13.25], "rotation": 180, "texture": "#8"}
			}
		},
		{
			"from": [-10, 13.6, 6.7],
			"to": [-9, 15.6, 9.7],
			"rotation": {"angle": 0, "axis": "y", "origin": [-11, 0, 0.8]},
			"faces": {
				"north": {"uv": [0, 12, 2, 16], "texture": "#8"},
				"east": {"uv": [0, 12, 6, 16], "texture": "#8"},
				"south": {"uv": [0, 12, 2, 16], "texture": "#8"},
				"west": {"uv": [0, 12, 6, 16], "texture": "#8"},
				"up": {"uv": [0, 12, 6, 14], "rotation": 270, "texture": "#8"},
				"down": {"uv": [0, 12, 6, 14], "rotation": 90, "texture": "#8"}
			}
		},
		{
			"from": [-12.3, 13.5, 6.5],
			"to": [-9.3, 15.5, 7.5],
			"rotation": {"angle": 22.5, "axis": "y", "origin": [-11, 0, 0.8]},
			"faces": {
				"north": {"uv": [0, 9.9375, 6, 13.9375], "texture": "#8"},
				"east": {"uv": [0, 9.9375, 2, 13.9375], "texture": "#8"},
				"south": {"uv": [0, 9.9375, 6, 13.9375], "texture": "#8"},
				"west": {"uv": [0, 9.9375, 2, 13.9375], "texture": "#8"},
				"up": {"uv": [0, 9.9375, 6, 11.9375], "rotation": 180, "texture": "#8"},
				"down": {"uv": [0, 9.9375, 6, 11.9375], "rotation": 180, "texture": "#8"}
			}
		},
		{
			"from": [-13.8, 13.6, 5.5],
			"to": [-8.8, 15.6, 6.5],
			"rotation": {"angle": -22.5, "axis": "z", "origin": [-11, 0, 0.8]},
			"faces": {
				"north": {"uv": [0, 10.6875, 5.375, 15.3125], "texture": "#8"},
				"east": {"uv": [0, 10.6875, 0, 15.3125], "texture": "#8"},
				"south": {"uv": [0, 10.6875, 5.375, 15.3125], "texture": "#8"},
				"west": {"uv": [0, 10.6875, 0, 15.3125], "texture": "#8"},
				"up": {"uv": [0, 10.6875, 5.375, 13.3125], "texture": "#8"},
				"down": {"uv": [0, 10.6875, 5.375, 13.3125], "texture": "#8"}
			}
		},
		{
			"from": [-12.8, 10.8, 9.4],
			"to": [-9.8, 13.8, 12.4],
			"rotation": {"angle": 45, "axis": "y", "origin": [-11, 0, 0.8]},
			"faces": {
				"north": {"uv": [0, 0, 6, 6], "texture": "#8"},
				"east": {"uv": [0, 0, 6, 6], "texture": "#8"},
				"south": {"uv": [0, 0, 6, 6], "texture": "#8"},
				"west": {"uv": [0, 0, 6, 6], "texture": "#8"},
				"up": {"uv": [0, 0.1875, 6, 6.1875], "texture": "#8"},
				"down": {"uv": [0, 0, 6, 6], "texture": "#8"}
			}
		},
		{
			"from": [1.7, 11.6, -5.25],
			"to": [7.7, 13.6, -4.25],
			"rotation": {"angle": -45, "axis": "y", "origin": [-9, 0, 0.8]},
			"faces": {
				"north": {"uv": [0, 11.8125, 6.0625, 16], "texture": "#8"},
				"east": {"uv": [0, 11.8125, 2.6875, 16], "texture": "#8"},
				"south": {"uv": [0, 11.8125, 6.0625, 16], "texture": "#8"},
				"west": {"uv": [0, 11.8125, 2.5, 16], "texture": "#8"},
				"up": {"uv": [0, 11.8125, 6.0625, 14], "texture": "#8"},
				"down": {"uv": [0, 11.8125, 6.0625, 14], "texture": "#8"}
			}
		},
		{
			"from": [-3.2, 11.7, 4.6],
			"to": [2.8, 13.7, 5.6],
			"rotation": {"angle": 0, "axis": "y", "origin": [-9, 0, 0.8]},
			"faces": {
				"north": {"uv": [1.6875, 10.625, 5.3125, 12.625], "texture": "#8"},
				"east": {"uv": [3, 10.625, 5, 12.625], "texture": "#8"},
				"south": {"uv": [0.8125, 10.875, 5.3125, 12.625], "texture": "#8"},
				"west": {"uv": [3.3125, 10.625, 5.3125, 12.625], "texture": "#8"},
				"up": {"uv": [1.375, 11.25, 5.3125, 12.625], "texture": "#8"},
				"down": {"uv": [0, 9.4375, 5.3125, 12.625], "texture": "#8"}
			}
		},
		{
			"from": [-7.85, 11.6, 16.5],
			"to": [-3.95, 13.6, 17.5],
			"rotation": {"angle": 45, "axis": "y", "origin": [-9, 0, 0.8]},
			"faces": {
				"north": {"uv": [0, 11.625, 4.8125, 15.625], "texture": "#8"},
				"east": {"uv": [0, 11.625, 0, 15.625], "texture": "#8"},
				"south": {"uv": [0, 11.625, 4.8125, 15.625], "texture": "#8"},
				"west": {"uv": [0, 11.625, 0, 15.625], "texture": "#8"},
				"up": {"uv": [0, 11.625, 4.8125, 13.625], "texture": "#8"},
				"down": {"uv": [0, 11.625, 4.8125, 13.625], "texture": "#8"}
			}
		},
		{
			"from": [-10.8, 11.5, 9.4],
			"to": [-7.8, 13.5, 12.4],
			"rotation": {"angle": 45, "axis": "y", "origin": [-9, 0, 0.8]},
			"faces": {
				"north": {"uv": [0, 0, 6, 4], "texture": "#8"},
				"east": {"uv": [0, 0, 6, 4], "texture": "#8"},
				"south": {"uv": [0, 0, 6, 4], "texture": "#8"},
				"west": {"uv": [0, 0, 6, 4], "texture": "#8"},
				"up": {"uv": [0, 0, 6, 6], "texture": "#8"},
				"down": {"uv": [0, 0, 6, 6], "texture": "#8"}
			}
		},
		{
			"from": [-6.8, 11.21, 13.4],
			"to": [-3.8, 13.21, 16.4],
			"rotation": {"angle": 45, "axis": "y", "origin": [-9, 0, 0.8]},
			"faces": {
				"north": {"uv": [12.75, 2, 16, 4.5625], "texture": "#8"},
				"east": {"uv": [12.75, 2, 16, 4.5625], "texture": "#8"},
				"south": {"uv": [12.75, 2, 16, 4.5625], "texture": "#8"},
				"west": {"uv": [12.75, 2, 16, 4.5625], "texture": "#8"},
				"up": {"uv": [12.75, 0, 16, 4.5625], "texture": "#8"},
				"down": {"uv": [12.75, 0, 16, 4.5625], "texture": "#8"}
			}
		},
		{
			"from": [-4.3, 11.2, 5.6],
			"to": [3.7, 13.2, 10.6],
			"rotation": {"angle": 0, "axis": "y", "origin": [-9, 0, 0.8]},
			"faces": {
				"north": {"uv": [0, 0, 3.375, 1.8125], "texture": "#8"},
				"east": {"uv": [0, 0, 4.5625, 3], "texture": "#8"},
				"south": {"uv": [0, 0, 3.625, 2], "texture": "#8"},
				"west": {"uv": [0, 0, 4.8125, 3.125], "texture": "#8"},
				"up": {"uv": [0, 0, 15.625, 7.375], "texture": "#8"},
				"down": {"uv": [0, 0, 2.875, 2.875], "texture": "#8"}
			}
		},
		{
			"from": [-2.5, 13.45, 5.1],
			"to": [3.5, 14.45, 11.1],
			"rotation": {"angle": 0, "axis": "y", "origin": [-9, 0, 1]},
			"faces": {
				"north": {"uv": [8, 0, 16, 0], "texture": "#9"},
				"east": {"uv": [11, 0, 16, 0], "texture": "#9"},
				"south": {"uv": [8, 0, 16, 0], "texture": "#9"},
				"west": {"uv": [11, 0, 16, 0], "texture": "#9"},
				"up": {"uv": [6.46, 5.9, 9.54, 9.14], "rotation": 270, "texture": "#9"},
				"down": {"uv": [16, 0, 10, 0.08], "texture": "#9"}
			}
		},
		{
			"from": [5, 7, 6.7],
			"to": [11, 10.5, 9.7],
			"rotation": {"angle": 0, "axis": "y", "origin": [-5, 0, 0]},
			"faces": {
				"north": {"uv": [0, 0, 6, 3.5], "texture": "#0"},
				"east": {"uv": [6, 6, 9, 9.5], "texture": "#0"},
				"south": {"uv": [0, 4, 6, 7.5], "texture": "#0"},
				"west": {"uv": [0, 8, 3, 11.5], "texture": "#0"},
				"up": {"uv": [12, 3, 6, 0], "texture": "#0"},
				"down": {"uv": [12, 3, 6, 6], "texture": "#0"}
			}
		},
		{
			"from": [11.1, 6, 5.7],
			"to": [11.1, 11.5, 10.7],
			"rotation": {"angle": 0, "axis": "y", "origin": [-5, 0, 0]},
			"faces": {
				"north": {"uv": [0, 0, 8.5, 1.875], "texture": "#1"},
				"east": {"uv": [3, 2.875, 13, 13.875], "texture": "#1"},
				"south": {"uv": [0, 0, 7.75, 2], "texture": "#1"},
				"west": {"uv": [7.5, 0, 15.875, 2.5], "texture": "#1"},
				"up": {"uv": [0, 1.625, 6.625, 0], "texture": "#1"},
				"down": {"uv": [0, 0, 7.625, 2], "texture": "#1"}
			}
		},
		{
			"from": [5, 8.9, 5.6],
			"to": [8, 9.9, 10.6],
			"rotation": {"angle": 0, "axis": "y", "origin": [-5, 0, 0]},
			"faces": {
				"north": {"uv": [0, 0, 6, 2], "texture": "#0"},
				"east": {"uv": [0, 0, 10, 2], "texture": "#0"},
				"south": {"uv": [0, 0, 6, 2], "texture": "#0"},
				"west": {"uv": [0, 0, 10, 2], "texture": "#0"},
				"up": {"uv": [0, 0, 6, 10], "texture": "#0"},
				"down": {"uv": [0, 0, 6, 10], "texture": "#0"}
			}
		},
		{
			"from": [9, 8, 5.7],
			"to": [12, 9, 6.7],
			"rotation": {"angle": 0, "axis": "y", "origin": [-5, 0, 0]},
			"faces": {
				"north": {"uv": [0, 0, 6, 2], "texture": "#0"},
				"east": {"uv": [0, 0, 2, 2], "texture": "#0"},
				"south": {"uv": [0, 0, 6, 2], "texture": "#0"},
				"west": {"uv": [0, 0, 2, 2], "texture": "#0"},
				"up": {"uv": [0, 0, 6, 2], "texture": "#0"},
				"down": {"uv": [0, 0, 6, 2], "texture": "#0"}
			}
		},
		{
			"from": [9, 8, 9.7],
			"to": [12, 9, 10.7],
			"rotation": {"angle": 0, "axis": "y", "origin": [-5, 0, 0]},
			"faces": {
				"north": {"uv": [0, 0, 6, 2], "texture": "#0"},
				"east": {"uv": [0, 0, 2, 2], "texture": "#0"},
				"south": {"uv": [0, 0, 6, 2], "texture": "#0"},
				"west": {"uv": [0, 0, 2, 2], "texture": "#0"},
				"up": {"uv": [0, 0, 6, 2], "texture": "#0"},
				"down": {"uv": [0, 0, 6, 2], "texture": "#0"}
			}
		}
	],
	"display": {
		"thirdperson_righthand": {
			"rotation": [64, 90, -63],
			"translation": [-0.25, -1.75, -2.25],
			"scale": [0.6, 0.6, 0.6]
		},
		"thirdperson_lefthand": {
			"rotation": [168.6, -87.73, 162.97],
			"translation": [0.25, -2, -2],
			"scale": [0.6, 0.6, 0.6]
		},
		"firstperson_righthand": {
			"rotation": [-180, 80, -170],
			"translation": [-0.145, 0, -6]
		},
		"ground": {
			"scale": [1.07227, 1, 1]
		},
		"gui": {
			"rotation": [19.25, -51.25, 0],
			"translation": [0.5, -1.75, 0]
		},
		"head": {
			"translation": [0, 9.25, 0]
		},
		"fixed": {
			"translation": [0, 0, -2],
			"scale": [1, 1, 0.5]
		}
	},
	"groups": [
		{
			"name": "sword",
			"origin": [0, 0, 0],
			"color": 0,
			"children": [
				0,
				1,
				2,
				3,
				4,
				5,
				6,
				7,
				8,
				9,
				{
					"name": "in_texture",
					"origin": [0, 0, 0],
					"color": 0,
					"children": [10, 11, 12, 13, 14, 15, 16, 17, 18, 19]
				},
				{
					"name": "out_texture",
					"origin": [0, 0, 0],
					"color": 0,
					"children": [20]
				}
			]
		},
		{
			"name": "sword",
			"origin": [0, 0, 0],
			"color": 0,
			"children": [
				21,
				22,
				23,
				24,
				25,
				26,
				27,
				28,
				29,
				30,
				{
					"name": "in_texture",
					"origin": [0, 0, 0],
					"color": 0,
					"children": [31, 32, 33, 34, 35, 36, 37, 38, 39, 40]
				},
				{
					"name": "out_texture",
					"origin": [0, 0, 0],
					"color": 0,
					"children": [41]
				}
			]
		},
		{
			"name": "group",
			"origin": [0, 0, 0],
			"color": 0,
			"children": [
				42,
				43,
				44,
				45,
				46,
				47,
				48,
				49,
				50,
				{
					"name": "hexadecagon",
					"origin": [8, 8, 8],
					"color": 0,
					"children": [51, 52, 53, 54, 55, 56, 57, 58, 59]
				}
			]
		},
		{
			"name": "group",
			"origin": [0, 0, 0],
			"color": 0,
			"children": [
				60,
				61,
				62,
				63,
				64,
				65,
				66,
				67,
				68,
				69,
				{
					"name": "hexadecagon",
					"origin": [8, 8, 8],
					"color": 0,
					"children": [70, 71, 72, 73, 74, 75, 76, 77, 78]
				}
			]
		},
		{
			"name": "group",
			"origin": [8, 8, 8],
			"color": 0,
			"children": [
				79,
				80,
				81,
				82,
				83,
				84,
				85,
				86,
				87,
				88,
				{
					"name": "group",
					"origin": [-6, 0, 0],
					"color": 0,
					"children": [89, 90, 91, 92, 93, 94, 95]
				}
			]
		},
		{
			"name": "group",
			"origin": [8, 8, 8],
			"color": 0,
			"children": []
		},
		{
			"name": "cannon",
			"origin": [8, 8, 8],
			"color": 0,
			"children": [96, 97, 98, 99, 100]
		}
	]
}