{
  "type": "minecraft:gift",
  "pools": [
    {
      "rolls": 1,
      "bonus_rolls": 0,
      "entries": [
        {
          "type": "minecraft:item",
          "weight": 10,
          "name": "minecraft:rabbit_hide"
        },
        {
          "type": "minecraft:item",
          "weight": 10,
          "name": "minecraft:rabbit_foot"
        },
        {
          "type": "minecraft:item",
          "weight": 10,
          "name": "minecraft:chicken"
        },
        {
          "type": "minecraft:item",
          "weight": 10,
          "name": "minecraft:feather"
        },
        {
          "type": "minecraft:item",
          "weight": 10,
          "name": "minecraft:rotten_flesh"
        },
        {
          "type": "minecraft:item",
          "weight": 10,
          "name": "minecraft:string"
        },
        {
          "type": "minecraft:item",
          "weight": 2,
          "name": "minecraft:phantom_membrane"
        },
        {
          "type": "minecraft:item",
          "weight": 1,
          "name": "minecraft:carrot_on_a_stick",
          "functions": [
            {
              "function": "minecraft:set_name",
              "entity": "this",
              "name": {
                "translate": "item.exweapons.everyday_giftbox",
                "color": "red",
                "italic": false
              }
            },
            {
              "function": "minecraft:set_lore",
              "entity": "this",
              "lore": [
                {
                  "translate": "itemlore.exweapons.everyday_giftbox",
                  "color": "gold",
                  "italic": false
                }
              ]
            },
            {
              "function": "minecraft:set_nbt",
              "tag": "{HideFlags:127,RepairCost:1200000,Unbreakable:1b,CustomModelData:100060,exweapons:{id:013d,item:{}}}"
            }
          ]
        }
      ]
    }
  ]
}