{
  "parent": "item/handheld_rod",
  "textures": {
    "layer0": "item/carrot_on_a_stick"
  },
  "overrides": [
    {
      "predicate": {
        "custom_model_data": 100010
      },
      "model": "item/weapon/gunblade_blademode"
    },
    {
      "predicate": {
        "custom_model_data": 100020
      },
      "model": "item/weapon/gunblade_gunmode"
    },
    {
      "predicate": {
        "custom_model_data": 100030
      },
      "model": "item/weapon/gunblade_snipermode"
    },
    {
      "predicate": {
        "custom_model_data": 100040
      },
      "model": "item/weapon/katana"
    },
    {
      "predicate": {
        "custom_model_data": 100041
      },
      "model": "item/weapon/katana_charged"
    },
    {
      "predicate": {
        "custom_model_data": 100050
      },
      "model": "item/weapon/sensu"
    },
    {
      "predicate": {
        "custom_model_data": 100060
      },
      "model": "item/item/everyday_giftbox"
    },
    {
      "predicate": {
        "custom_model_data": 100070
      },
      "model": "item/item/instant_respawn_anchor"
    }
  ]
}