{
	"credit": "Made with Blockbench",
	"textures": {
		"0": "item/weapon/gunblade/gunblade_bigsword",
		"1": "item/weapon/gunblade/gunblade_bigsword2",
		"particle": "item/weapon/gunblade/gunblade_bigsword"
	},
	"elements": [
		{
			"from": [6, 2, 0],
			"to": [7, 3, 2],
			"faces": {
				"north": {"uv": [4, 9, 4.66667, 9.66667], "texture": "#0"},
				"east": {"uv": [4, 9, 5.33333, 9.66667], "texture": "#0"},
				"south": {"uv": [4, 9, 4.66667, 9.66667], "texture": "#0"},
				"west": {"uv": [4, 9, 5.33333, 9.66667], "texture": "#0"},
				"up": {"uv": [4, 9, 4.66667, 10.33333], "texture": "#0"},
				"down": {"uv": [4, 9, 4.66667, 10.33333], "texture": "#0"}
			}
		},
		{
			"from": [6, 1.85, -2.7],
			"to": [7, 2.85, -0.7],
			"rotation": {"angle": 22.5, "axis": "x", "origin": [0, 0, 0]},
			"faces": {
				"north": {"uv": [4, 9, 4.66667, 9.66667], "texture": "#0"},
				"east": {"uv": [4, 9, 5.33333, 9.66667], "texture": "#0"},
				"south": {"uv": [4, 9, 4.66667, 9.66667], "texture": "#0"},
				"west": {"uv": [4, 9, 5.33333, 9.66667], "texture": "#0"},
				"up": {"uv": [4, 9, 4.66667, 10.33333], "texture": "#0"},
				"down": {"uv": [4, 9, 4.66667, 10.33333], "texture": "#0"}
			}
		},
		{
			"from": [6, 2.8, -1.9],
			"to": [7, 3.8, -0.9],
			"faces": {
				"north": {"uv": [4, 12, 5.66667, 14.66667], "rotation": 180, "texture": "#0"},
				"east": {"uv": [6, 9, 7.66667, 11.66667], "rotation": 270, "texture": "#0"},
				"south": {"uv": [6, 9, 7.66667, 11.66667], "texture": "#0"},
				"west": {"uv": [6, 9, 7.66667, 11.66667], "rotation": 90, "texture": "#0"},
				"up": {"uv": [6, 9, 7.66667, 11.66667], "rotation": 180, "texture": "#0"},
				"down": {"uv": [6, 9, 7.66667, 11.66667], "texture": "#0"}
			}
		},
		{
			"from": [6, 2.9, -0.6],
			"to": [7, 3.9, -0.1],
			"rotation": {"angle": 22.5, "axis": "x", "origin": [0, 0, 0]},
			"faces": {
				"north": {"uv": [4, 9, 4.66667, 9.66667], "texture": "#0"},
				"east": {"uv": [4, 9, 4.33333, 9.66667], "texture": "#0"},
				"south": {"uv": [4, 9, 4.66667, 9.66667], "texture": "#0"},
				"west": {"uv": [4, 9, 4.33333, 9.66667], "texture": "#0"},
				"up": {"uv": [4, 9, 4.66667, 9.33333], "texture": "#0"},
				"down": {"uv": [4, 9, 4.66667, 9.33333], "texture": "#0"}
			}
		},
		{
			"from": [6, 3.5, 1.2],
			"to": [7, 3.7, 2.2],
			"faces": {
				"north": {"uv": [4, 9, 4.66667, 9.13333], "texture": "#0"},
				"east": {"uv": [4, 9, 4.66667, 9.13333], "texture": "#0"},
				"south": {"uv": [4, 9, 4.66667, 9.13333], "texture": "#0"},
				"west": {"uv": [4, 9, 4.66667, 9.13333], "texture": "#0"},
				"up": {"uv": [4, 9, 4.66667, 9.66667], "texture": "#0"},
				"down": {"uv": [4, 9, 4.66667, 9.66667], "texture": "#0"}
			}
		},
		{
			"from": [6.3, 9.4, 14.7],
			"to": [6.8, 10.4, 15.7],
			"rotation": {"angle": 22.5, "axis": "x", "origin": [0.3, 0, 0]},
			"faces": {
				"north": {"uv": [0, 0, 0.5, 1], "texture": "#0"},
				"east": {"uv": [0, 0, 1, 1], "texture": "#0"},
				"south": {"uv": [0, 0, 0.5, 1], "texture": "#0"},
				"west": {"uv": [0, 0, 1, 1], "texture": "#0"},
				"up": {"uv": [0, 0, 0.5, 1], "texture": "#0"},
				"down": {"uv": [0, 0, 0.5, 1], "texture": "#0"}
			}
		},
		{
			"from": [6.3, 3, 8.6],
			"to": [6.8, 4, 17.6],
			"rotation": {"angle": 0, "axis": "y", "origin": [0.3, 0, 0]},
			"faces": {
				"north": {"uv": [0, 0, 0.33333, 0.66667], "texture": "#0"},
				"east": {"uv": [0, 0, 4, 0.66667], "texture": "#0"},
				"south": {"uv": [0, 0, 0.33333, 0.66667], "texture": "#0"},
				"west": {"uv": [0, 0, 4, 0.66667], "texture": "#0"},
				"up": {"uv": [0, 0, 1.33333, 4], "texture": "#0"},
				"down": {"uv": [0, 0, 1.33333, 4], "texture": "#0"}
			}
		},
		{
			"from": [6.3, -11.6, 14.6],
			"to": [6.8, -10.6, 15.6],
			"rotation": {"angle": -45, "axis": "x", "origin": [0.3, 0, 0]},
			"faces": {
				"north": {"uv": [5, 3, 7.33333, 5.66667], "texture": "#0"},
				"east": {"uv": [5, 3, 7.66667, 5.66667], "texture": "#0"},
				"south": {"uv": [5, 3, 7.33333, 5.66667], "texture": "#0"},
				"west": {"uv": [5, 3, 7.66667, 5.66667], "texture": "#0"},
				"up": {"uv": [5, 3, 7.33333, 5.66667], "texture": "#0"},
				"down": {"uv": [5, 3, 7.33333, 5.66667], "texture": "#0"}
			}
		},
		{
			"from": [6.3, 2.01, 18.25],
			"to": [6.8, 2.81, 19.25],
			"rotation": {"angle": 0, "axis": "y", "origin": [0.3, 0, 0]},
			"faces": {
				"north": {"uv": [5, 3, 7.33333, 5.66667], "rotation": 180, "texture": "#0"},
				"east": {"uv": [5, 3, 7.66667, 5.66667], "rotation": 90, "texture": "#0"},
				"south": {"uv": [5, 3, 7.33333, 5.66667], "texture": "#0"},
				"west": {"uv": [5, 3, 7.66667, 5.66667], "rotation": 270, "texture": "#0"},
				"up": {"uv": [5, 3, 7.33333, 5.66667], "texture": "#0"},
				"down": {"uv": [5, 3, 7.33333, 5.66667], "rotation": 180, "texture": "#0"}
			}
		},
		{
			"from": [6.2, 10.9, 8],
			"to": [7, 11.9, 9],
			"rotation": {"angle": 45, "axis": "x", "origin": [0.2, 0, 0]},
			"faces": {
				"north": {"uv": [4.66667, 6.66667, 5.33333, 7.33333], "texture": "#0"},
				"east": {"uv": [4, 6.66667, 4.66667, 7.33333], "texture": "#0"},
				"south": {"uv": [4.66667, 6.66667, 5.33333, 7.33333], "texture": "#0"},
				"west": {"uv": [4, 6.66667, 4.66667, 7.33333], "texture": "#0"},
				"up": {"uv": [4, 6.66667, 4.66667, 7.33333], "texture": "#0"},
				"down": {"uv": [4, 6.66667, 4.66667, 7.33333], "texture": "#0"}
			}
		},
		{
			"from": [6.15, 1.4, 3],
			"to": [6.95, 2.4, 14],
			"rotation": {"angle": 0, "axis": "y", "origin": [0.2, 0, 0]},
			"faces": {
				"north": {"uv": [4.66667, 6.66667, 5.33333, 6.66667], "texture": "#0"},
				"east": {"uv": [7, 7.66667, 11.33333, 8.66667], "texture": "#0"},
				"south": {"uv": [4.66667, 6.66667, 5.33333, 6.66667], "texture": "#0"},
				"west": {"uv": [7, 7.66667, 11.33333, 8.66667], "texture": "#0"},
				"up": {"uv": [7, 7.66667, 7.66667, 10], "texture": "#0"},
				"down": {"uv": [7, 7.66667, 7.66667, 10], "texture": "#0"}
			}
		},
		{
			"from": [6.2, -1.1, 3.1],
			"to": [7, -0.1, 4.1],
			"rotation": {"angle": -45, "axis": "x", "origin": [0.2, 0, 0]},
			"faces": {
				"north": {"uv": [4.66667, 6.66667, 5.33333, 7.33333], "texture": "#0"},
				"east": {"uv": [7, 7.66667, 7.66667, 8.33333], "texture": "#0"},
				"south": {"uv": [4.66667, 6.66667, 5.33333, 7.33333], "texture": "#0"},
				"west": {"uv": [7, 7.66667, 7.66667, 8.33333], "texture": "#0"},
				"up": {"uv": [7, 7.66667, 7.66667, 8.33333], "texture": "#0"},
				"down": {"uv": [7, 7.66667, 7.66667, 8.33333], "texture": "#0"}
			}
		},
		{
			"from": [5.8, 2.3, 3.1],
			"to": [7.3, 3.3, 5.1],
			"rotation": {"angle": 0, "axis": "y", "origin": [0.2, 0, 0]},
			"faces": {
				"north": {"uv": [0, 0, 1.5, 1], "texture": "#0"},
				"east": {"uv": [0, 0, 2, 1], "texture": "#0"},
				"south": {"uv": [0, 0, 1.5, 1], "texture": "#0"},
				"west": {"uv": [0, 0, 2, 1], "texture": "#0"},
				"up": {"uv": [0, 0, 1.5, 2], "texture": "#0"},
				"down": {"uv": [0, 0, 1.5, 2], "texture": "#0"}
			}
		},
		{
			"from": [6.05, 2, 2],
			"to": [7, 3.6, 9],
			"rotation": {"angle": 0, "axis": "y", "origin": [0.1, -2, 0]},
			"faces": {
				"north": {"uv": [4, 4, 6, 8], "texture": "#1"},
				"east": {"uv": [0, 2, 8, 4], "texture": "#1"},
				"south": {"uv": [6, 4, 8, 8], "texture": "#1"},
				"west": {"uv": [0, 0, 8, 2], "texture": "#1"},
				"up": {"uv": [2, 12, 0, 4], "texture": "#1"},
				"down": {"uv": [4, 4, 2, 12], "texture": "#1"}
			}
		},
		{
			"from": [6.1, 2, 9],
			"to": [7.05, 3.5, 18],
			"rotation": {"angle": 0, "axis": "y", "origin": [0.1, -2, 0]},
			"faces": {
				"north": {"uv": [16, 5, 14.66667, 6], "texture": "#0"},
				"east": {"uv": [14, 3, 16, 4], "texture": "#0"},
				"south": {"uv": [15, 4, 13.66667, 5], "texture": "#0"},
				"west": {"uv": [14, 3, 16, 4], "texture": "#0"},
				"up": {"uv": [16, 6, 14.66667, 12], "texture": "#0"},
				"down": {"uv": [16, 6, 14.66667, 12], "texture": "#0"}
			}
		},
		{
			"from": [6.05, 4.3, 1.2],
			"to": [7, 5.3, 3.2],
			"rotation": {"angle": 22.5, "axis": "x", "origin": [0.1, -2, 0]},
			"faces": {
				"north": {"uv": [10, 4, 8.66667, 4.66667], "texture": "#0"},
				"east": {"uv": [10, 4, 9.33333, 4.66667], "texture": "#0"},
				"south": {"uv": [10, 4, 8.66667, 4.66667], "texture": "#0"},
				"west": {"uv": [10, 4, 9.33333, 4.66667], "texture": "#0"},
				"up": {"uv": [10, 4, 8.66667, 5.33333], "texture": "#0"},
				"down": {"uv": [10, 4, 8.66667, 5.33333], "texture": "#0"}
			}
		},
		{
			"from": [6.1, 2, 17.5],
			"to": [7.05, 2.9, 18.6],
			"rotation": {"angle": 0, "axis": "y", "origin": [0.1, -2, 0]},
			"faces": {
				"north": {"uv": [16, 9, 14.66667, 15], "rotation": 180, "texture": "#0"},
				"east": {"uv": [14, 6, 16, 7], "rotation": 90, "texture": "#0"},
				"south": {"uv": [16, 9, 14.66667, 15], "texture": "#0"},
				"west": {"uv": [14, 6, 16, 7], "rotation": 270, "texture": "#0"},
				"up": {"uv": [16, 9, 14.66667, 10], "texture": "#0"},
				"down": {"uv": [16, 9, 14.66667, 10], "rotation": 180, "texture": "#0"}
			}
		},
		{
			"from": [6.05, -11.7, 15.4],
			"to": [7, -10.9, 16.6],
			"rotation": {"angle": -45, "axis": "x", "origin": [0.1, -2, 0]},
			"faces": {
				"north": {"uv": [15, 9, 13.66667, 15], "rotation": 180, "texture": "#0"},
				"east": {"uv": [14, 5, 16, 6], "rotation": 90, "texture": "#0"},
				"south": {"uv": [15, 9, 13.66667, 15], "texture": "#0"},
				"west": {"uv": [14, 5, 16, 6], "rotation": 270, "texture": "#0"},
				"up": {"uv": [15, 9, 13.66667, 10], "texture": "#0"},
				"down": {"uv": [15, 9, 13.66667, 10], "rotation": 180, "texture": "#0"}
			}
		},
		{
			"from": [6, -10.3, 14.15],
			"to": [7.15, -10.2, 14.95],
			"rotation": {"angle": -45, "axis": "x", "origin": [-0.1, 0, 0]},
			"faces": {
				"north": {"uv": [0, 7, 0.68, 7.06667], "texture": "#0"},
				"east": {"uv": [0, 7, 0.73333, 7.06667], "texture": "#0"},
				"south": {"uv": [0, 7, 0.68, 7.06667], "texture": "#0"},
				"west": {"uv": [0, 7, 0.73333, 7.06667], "texture": "#0"},
				"up": {"uv": [1, 7, 1.68, 7.73333], "texture": "#0"},
				"down": {"uv": [1, 7, 1.68, 7.73333], "texture": "#0"}
			}
		},
		{
			"from": [6, 2.05, 12.4],
			"to": [7.1, 2.45, 14.4],
			"rotation": {"angle": 0, "axis": "y", "origin": [-0.1, 0, 0]},
			"faces": {
				"north": {"uv": [1, 12, 1.68, 12.73333], "rotation": 180, "texture": "#0"},
				"east": {"uv": [0, 12, 0.73333, 12.06667], "rotation": 90, "texture": "#0"},
				"south": {"uv": [1, 12, 1.68, 12.73333], "texture": "#0"},
				"west": {"uv": [0, 12, 0.73333, 12.06667], "rotation": 270, "texture": "#0"},
				"up": {"uv": [0, 12, 0.68, 12.06667], "texture": "#0"},
				"down": {"uv": [0, 12, 0.68, 12.06667], "rotation": 180, "texture": "#0"}
			}
		},
		{
			"from": [6, -9.5, 13.35],
			"to": [7.15, -9.4, 14.15],
			"rotation": {"angle": -45, "axis": "x", "origin": [-0.1, 0, 0]},
			"faces": {
				"north": {"uv": [0, 7, 0.68, 7.06667], "texture": "#0"},
				"east": {"uv": [0, 7, 0.73333, 7.06667], "texture": "#0"},
				"south": {"uv": [0, 7, 0.68, 7.06667], "texture": "#0"},
				"west": {"uv": [0, 7, 0.73333, 7.06667], "texture": "#0"},
				"up": {"uv": [1, 7, 1.68, 7.73333], "texture": "#0"},
				"down": {"uv": [1, 7, 1.68, 7.73333], "texture": "#0"}
			}
		},
		{
			"from": [6, 2.1, 13.95],
			"to": [7.1, 2.35, 14.55],
			"rotation": {"angle": 0, "axis": "y", "origin": [-0.1, 0, 0]},
			"faces": {
				"north": {"uv": [0, 12, 0.68, 12.06667], "texture": "#0"},
				"east": {"uv": [0, 12, 0.73333, 12.06667], "texture": "#0"},
				"south": {"uv": [0, 12, 0.68, 12.06667], "texture": "#0"},
				"west": {"uv": [0, 12, 0.73333, 12.06667], "texture": "#0"},
				"up": {"uv": [1, 12, 1.68, 12.73333], "texture": "#0"},
				"down": {"uv": [1, 12, 1.68, 12.73333], "texture": "#0"}
			}
		},
		{
			"from": [6, -9.9, 13.75],
			"to": [7.15, -9.8, 14.55],
			"rotation": {"angle": -45, "axis": "x", "origin": [-0.1, 0, 0]},
			"faces": {
				"north": {"uv": [0, 7, 0.68, 7.06667], "texture": "#0"},
				"east": {"uv": [0, 7, 0.73333, 7.06667], "texture": "#0"},
				"south": {"uv": [0, 7, 0.68, 7.06667], "texture": "#0"},
				"west": {"uv": [0, 7, 0.73333, 7.06667], "texture": "#0"},
				"up": {"uv": [1, 7, 1.68, 7.73333], "texture": "#0"},
				"down": {"uv": [1, 7, 1.68, 7.73333], "texture": "#0"}
			}
		},
		{
			"from": [6, -9.1, 12.95],
			"to": [7.15, -9, 13.75],
			"rotation": {"angle": -45, "axis": "x", "origin": [-0.1, 0, 0]},
			"faces": {
				"north": {"uv": [0, 7, 0.68, 7.06667], "texture": "#0"},
				"east": {"uv": [0, 7, 0.73333, 7.06667], "texture": "#0"},
				"south": {"uv": [0, 7, 0.68, 7.06667], "texture": "#0"},
				"west": {"uv": [0, 7, 0.73333, 7.06667], "texture": "#0"},
				"up": {"uv": [1, 7, 1.68, 7.73333], "texture": "#0"},
				"down": {"uv": [1, 7, 1.68, 7.73333], "texture": "#0"}
			}
		},
		{
			"from": [6.25, 3.6, 9.15],
			"to": [6.85, 3.7, 11.25],
			"rotation": {"angle": 0, "axis": "y", "origin": [-0.1, 0, 0]},
			"faces": {
				"north": {"uv": [0, 7, 0.68, 7.06667], "rotation": 180, "texture": "#0"},
				"east": {"uv": [0, 7, 0.73333, 7.06667], "rotation": 180, "texture": "#0"},
				"south": {"uv": [0, 7, 0.68, 7.06667], "rotation": 180, "texture": "#0"},
				"west": {"uv": [0, 7, 0.73333, 7.06667], "rotation": 180, "texture": "#0"},
				"up": {"uv": [1, 7, 1.68, 7.73333], "texture": "#0"},
				"down": {"uv": [1, 7, 1.68, 7.73333], "texture": "#0"}
			}
		},
		{
			"from": [6, 1.55, 9.7],
			"to": [7.1, 2.15, 11.7],
			"rotation": {"angle": 0, "axis": "y", "origin": [-0.1, 0, 0]},
			"faces": {
				"north": {"uv": [1, 12, 1.68, 12.73333], "rotation": 180, "texture": "#0"},
				"east": {"uv": [0, 12, 0.73333, 12.06667], "rotation": 90, "texture": "#0"},
				"south": {"uv": [1, 12, 1.68, 12.73333], "texture": "#0"},
				"west": {"uv": [0, 12, 0.73333, 12.06667], "rotation": 270, "texture": "#0"},
				"up": {"uv": [0, 12, 0.68, 12.06667], "texture": "#0"},
				"down": {"uv": [0, 12, 0.68, 12.06667], "rotation": 180, "texture": "#0"}
			}
		},
		{
			"from": [6, 2.2, 14.95],
			"to": [7.15, 2.3, 17.05],
			"rotation": {"angle": 0, "axis": "y", "origin": [-0.1, 0, 0]},
			"faces": {
				"north": {"uv": [0, 7, 0.68, 7.06667], "rotation": 180, "texture": "#0"},
				"east": {"uv": [0, 7, 0.73333, 7.06667], "rotation": 180, "texture": "#0"},
				"south": {"uv": [0, 7, 0.68, 7.06667], "rotation": 180, "texture": "#0"},
				"west": {"uv": [0, 7, 0.73333, 7.06667], "rotation": 180, "texture": "#0"},
				"up": {"uv": [1, 7, 1.68, 7.73333], "texture": "#0"},
				"down": {"uv": [1, 7, 1.68, 7.73333], "texture": "#0"}
			}
		},
		{
			"from": [6, 2, 8.65],
			"to": [7.1, 2.1, 9.75],
			"rotation": {"angle": 0, "axis": "y", "origin": [-0.1, 0, 0]},
			"faces": {
				"north": {"uv": [0, 7, 0.68, 7.06667], "rotation": 180, "texture": "#0"},
				"east": {"uv": [0, 7, 0.73333, 7.06667], "rotation": 180, "texture": "#0"},
				"south": {"uv": [0, 7, 0.68, 7.06667], "rotation": 180, "texture": "#0"},
				"west": {"uv": [0, 7, 0.73333, 7.06667], "rotation": 180, "texture": "#0"},
				"up": {"uv": [1, 7, 1.68, 7.73333], "texture": "#0"},
				"down": {"uv": [1, 7, 1.68, 7.73333], "texture": "#0"}
			}
		},
		{
			"from": [6, 3.05, 6.2],
			"to": [7.1, 3.45, 7.8],
			"rotation": {"angle": 0, "axis": "y", "origin": [-0.1, 0, 0]},
			"faces": {
				"north": {"uv": [1, 12, 1.68, 12.73333], "rotation": 180, "texture": "#0"},
				"east": {"uv": [0, 12, 0.73333, 12.06667], "rotation": 90, "texture": "#0"},
				"south": {"uv": [1, 12, 1.68, 12.73333], "texture": "#0"},
				"west": {"uv": [0, 12, 0.73333, 12.06667], "rotation": 270, "texture": "#0"},
				"up": {"uv": [0, 12, 0.68, 12.06667], "texture": "#0"},
				"down": {"uv": [0, 12, 0.68, 12.06667], "rotation": 180, "texture": "#0"}
			}
		},
		{
			"from": [5.9, 2.4, 5.65],
			"to": [7.05, 2.5, 7.45],
			"rotation": {"angle": 0, "axis": "y", "origin": [-0.1, 0, 0]},
			"faces": {
				"north": {"uv": [0, 7, 0.68, 7.06667], "texture": "#0"},
				"east": {"uv": [0, 7, 0.73333, 7.06667], "texture": "#0"},
				"south": {"uv": [0, 7, 0.68, 7.06667], "texture": "#0"},
				"west": {"uv": [0, 7, 0.73333, 7.06667], "texture": "#0"},
				"up": {"uv": [1, 7, 1.68, 7.73333], "texture": "#0"},
				"down": {"uv": [1, 7, 1.68, 7.73333], "texture": "#0"}
			}
		},
		{
			"from": [6.05, 3.05, 10.75],
			"to": [6.75, 3.15, 12.55],
			"rotation": {"angle": 0, "axis": "y", "origin": [-0.1, 0, 0]},
			"faces": {
				"north": {"uv": [0, 7, 0.68, 7.06667], "texture": "#0"},
				"east": {"uv": [0, 7, 0.73333, 7.06667], "texture": "#0"},
				"south": {"uv": [0, 7, 0.68, 7.06667], "texture": "#0"},
				"west": {"uv": [0, 7, 0.73333, 7.06667], "texture": "#0"},
				"up": {"uv": [1, 7, 1.68, 7.73333], "texture": "#0"},
				"down": {"uv": [1, 7, 1.68, 7.73333], "texture": "#0"}
			}
		},
		{
			"from": [6, 1.65, 4.45],
			"to": [7.15, 1.75, 6.25],
			"rotation": {"angle": 0, "axis": "y", "origin": [-0.1, 0, 0]},
			"faces": {
				"north": {"uv": [10, 14, 10.68, 14.06667], "texture": "#0"},
				"east": {"uv": [10, 14, 10.73333, 14.06667], "texture": "#0"},
				"south": {"uv": [10, 14, 10.68, 14.06667], "texture": "#0"},
				"west": {"uv": [10, 14, 10.73333, 14.06667], "texture": "#0"},
				"up": {"uv": [11, 14, 11.68, 14.73333], "texture": "#0"},
				"down": {"uv": [11, 14, 11.68, 14.73333], "texture": "#0"}
			}
		},
		{
			"from": [6, 7.6, 3.25],
			"to": [7.1, 7.7, 4.75],
			"rotation": {"angle": 45, "axis": "x", "origin": [-0.1, 0, 0]},
			"faces": {
				"north": {"uv": [0, 7, 0.68, 7.06667], "rotation": 180, "texture": "#0"},
				"east": {"uv": [0, 7, 0.73333, 7.06667], "rotation": 180, "texture": "#0"},
				"south": {"uv": [0, 7, 0.68, 7.06667], "rotation": 180, "texture": "#0"},
				"west": {"uv": [0, 7, 0.73333, 7.06667], "rotation": 180, "texture": "#0"},
				"up": {"uv": [1, 7, 1.68, 7.73333], "texture": "#0"},
				"down": {"uv": [1, 7, 1.68, 7.73333], "texture": "#0"}
			}
		},
		{
			"name": "hexadecagon",
			"from": [6.55027, 0.75, 7],
			"to": [6.64973, 1.25, 13],
			"rotation": {"angle": -45, "axis": "z", "origin": [6.6, 1, 10]},
			"faces": {
				"north": {"uv": [0, 0, 1, 1], "texture": "#0"},
				"east": {"uv": [0, 0, 1, 1], "texture": "#0"},
				"south": {"uv": [0, 0, 1, 1], "texture": "#0"},
				"west": {"uv": [0, 0, 1, 1], "texture": "#0"},
				"up": {"uv": [0, 0, 1, 1], "texture": "#0"},
				"down": {"uv": [0, 0, 1, 1], "texture": "#0"}
			}
		},
		{
			"name": "hexadecagon",
			"from": [6.55027, 0.75, 7],
			"to": [6.64973, 1.25, 13],
			"rotation": {"angle": -22.5, "axis": "z", "origin": [6.6, 1, 10]},
			"faces": {
				"north": {"uv": [0, 0, 1, 1], "texture": "#0"},
				"east": {"uv": [0, 0, 1, 1], "texture": "#0"},
				"south": {"uv": [0, 0, 1, 1], "texture": "#0"},
				"west": {"uv": [0, 0, 1, 1], "texture": "#0"},
				"up": {"uv": [0, 0, 1, 1], "texture": "#0"},
				"down": {"uv": [0, 0, 1, 1], "texture": "#0"}
			}
		},
		{
			"name": "hexadecagon",
			"from": [6.55027, 0.75, 7],
			"to": [6.64973, 1.25, 13],
			"rotation": {"angle": 0, "axis": "z", "origin": [6.6, 1, 10]},
			"faces": {
				"north": {"uv": [0, 0, 1, 1], "texture": "#0"},
				"east": {"uv": [0, 0, 1, 1], "texture": "#0"},
				"south": {"uv": [0, 0, 1, 1], "texture": "#0"},
				"west": {"uv": [0, 0, 1, 1], "texture": "#0"},
				"up": {"uv": [0, 0, 1, 1], "texture": "#0"},
				"down": {"uv": [0, 0, 1, 1], "texture": "#0"}
			}
		},
		{
			"name": "hexadecagon",
			"from": [6.55027, 0.75, 7],
			"to": [6.64973, 1.25, 13],
			"rotation": {"angle": 22.5, "axis": "z", "origin": [6.6, 1, 10]},
			"faces": {
				"north": {"uv": [0, 0, 1, 1], "texture": "#0"},
				"east": {"uv": [0, 0, 1, 1], "texture": "#0"},
				"south": {"uv": [0, 0, 1, 1], "texture": "#0"},
				"west": {"uv": [0, 0, 1, 1], "texture": "#0"},
				"up": {"uv": [0, 0, 1, 1], "texture": "#0"},
				"down": {"uv": [0, 0, 1, 1], "texture": "#0"}
			}
		},
		{
			"name": "hexadecagon",
			"from": [6.55027, 0.75, 7],
			"to": [6.64973, 1.25, 13],
			"rotation": {"angle": 45, "axis": "z", "origin": [6.6, 1, 10]},
			"faces": {
				"north": {"uv": [0, 0, 1, 1], "texture": "#0"},
				"east": {"uv": [0, 0, 1, 1], "texture": "#0"},
				"south": {"uv": [0, 0, 1, 1], "texture": "#0"},
				"west": {"uv": [0, 0, 1, 1], "texture": "#0"},
				"up": {"uv": [0, 0, 1, 1], "texture": "#0"},
				"down": {"uv": [0, 0, 1, 1], "texture": "#0"}
			}
		},
		{
			"name": "hexadecagon",
			"from": [6.35, 0.95027, 7],
			"to": [6.85, 1.04973, 13],
			"rotation": {"angle": -22.5, "axis": "z", "origin": [6.6, 1, 10]},
			"faces": {
				"north": {"uv": [0, 0, 1, 1], "texture": "#0"},
				"east": {"uv": [0, 0, 1, 1], "texture": "#0"},
				"south": {"uv": [0, 0, 1, 1], "texture": "#0"},
				"west": {"uv": [0, 0, 1, 1], "texture": "#0"},
				"up": {"uv": [0, 0, 1, 1], "texture": "#0"},
				"down": {"uv": [0, 0, 1, 1], "texture": "#0"}
			}
		},
		{
			"name": "hexadecagon",
			"from": [6.35, 0.95027, 7],
			"to": [6.85, 1.04973, 13],
			"rotation": {"angle": 0, "axis": "z", "origin": [6.6, 1, 10]},
			"faces": {
				"north": {"uv": [0, 0, 1, 1], "texture": "#0"},
				"east": {"uv": [0, 0, 1, 1], "texture": "#0"},
				"south": {"uv": [0, 0, 1, 1], "texture": "#0"},
				"west": {"uv": [0, 0, 1, 1], "texture": "#0"},
				"up": {"uv": [0, 0, 1, 1], "texture": "#0"},
				"down": {"uv": [0, 0, 1, 1], "texture": "#0"}
			}
		},
		{
			"name": "hexadecagon",
			"from": [6.35, 0.95027, 7],
			"to": [6.85, 1.04973, 13],
			"rotation": {"angle": 22.5, "axis": "z", "origin": [6.6, 1, 10]},
			"faces": {
				"north": {"uv": [0, 0, 1, 1], "texture": "#0"},
				"east": {"uv": [0, 0, 1, 1], "texture": "#0"},
				"south": {"uv": [0, 0, 1, 1], "texture": "#0"},
				"west": {"uv": [0, 0, 1, 1], "texture": "#0"},
				"up": {"uv": [0, 0, 1, 1], "texture": "#0"},
				"down": {"uv": [0, 0, 1, 1], "texture": "#0"}
			}
		},
		{
			"name": "hexadecagon",
			"from": [6.54033, 0.7, 8.95],
			"to": [6.65967, 1.3, 12.95],
			"rotation": {"angle": -45, "axis": "z", "origin": [6.6, 1, 10.9]},
			"faces": {
				"north": {"uv": [0, 0, 1, 1], "texture": "#1"},
				"east": {"uv": [0, 0, 1, 1], "texture": "#1"},
				"south": {"uv": [0, 0, 1, 1], "texture": "#1"},
				"west": {"uv": [0, 0, 1, 1], "texture": "#1"},
				"up": {"uv": [0, 0, 1, 1], "texture": "#1"},
				"down": {"uv": [0, 0, 1, 1], "texture": "#1"}
			}
		},
		{
			"name": "hexadecagon",
			"from": [6.54033, 0.7, 8.95],
			"to": [6.65967, 1.3, 12.95],
			"rotation": {"angle": -22.5, "axis": "z", "origin": [6.6, 1, 10.9]},
			"faces": {
				"north": {"uv": [0, 0, 1, 1], "texture": "#1"},
				"east": {"uv": [0, 0, 1, 1], "texture": "#1"},
				"south": {"uv": [0, 0, 1, 1], "texture": "#1"},
				"west": {"uv": [0, 0, 1, 1], "texture": "#1"},
				"up": {"uv": [0, 0, 1, 1], "texture": "#1"},
				"down": {"uv": [0, 0, 1, 1], "texture": "#1"}
			}
		},
		{
			"name": "hexadecagon",
			"from": [6.54033, 0.7, 8.95],
			"to": [6.65967, 1.3, 12.95],
			"rotation": {"angle": 0, "axis": "z", "origin": [6.6, 1, 10.9]},
			"faces": {
				"north": {"uv": [0, 0, 1, 1], "texture": "#1"},
				"east": {"uv": [0, 0, 1, 1], "texture": "#1"},
				"south": {"uv": [0, 0, 1, 1], "texture": "#1"},
				"west": {"uv": [0, 0, 1, 1], "texture": "#1"},
				"up": {"uv": [0, 0, 1, 1], "texture": "#1"},
				"down": {"uv": [0, 0, 1, 1], "texture": "#1"}
			}
		},
		{
			"name": "hexadecagon",
			"from": [6.54033, 0.7, 8.95],
			"to": [6.65967, 1.3, 12.95],
			"rotation": {"angle": 22.5, "axis": "z", "origin": [6.6, 1, 10.9]},
			"faces": {
				"north": {"uv": [0, 0, 1, 1], "texture": "#1"},
				"east": {"uv": [0, 0, 1, 1], "texture": "#1"},
				"south": {"uv": [0, 0, 1, 1], "texture": "#1"},
				"west": {"uv": [0, 0, 1, 1], "texture": "#1"},
				"up": {"uv": [0, 0, 1, 1], "texture": "#1"},
				"down": {"uv": [0, 0, 1, 1], "texture": "#1"}
			}
		},
		{
			"name": "hexadecagon",
			"from": [6.54033, 0.7, 8.95],
			"to": [6.65967, 1.3, 12.95],
			"rotation": {"angle": 45, "axis": "z", "origin": [6.6, 1, 10.9]},
			"faces": {
				"north": {"uv": [0, 0, 1, 1], "texture": "#1"},
				"east": {"uv": [0, 0, 1, 1], "texture": "#1"},
				"south": {"uv": [0, 0, 1, 1], "texture": "#1"},
				"west": {"uv": [0, 0, 1, 1], "texture": "#1"},
				"up": {"uv": [0, 0, 1, 1], "texture": "#1"},
				"down": {"uv": [0, 0, 1, 1], "texture": "#1"}
			}
		},
		{
			"name": "hexadecagon",
			"from": [6.3, 0.94033, 8.95],
			"to": [6.9, 1.05967, 12.95],
			"rotation": {"angle": -22.5, "axis": "z", "origin": [6.6, 1, 10.9]},
			"faces": {
				"north": {"uv": [0, 0, 1, 1], "texture": "#1"},
				"east": {"uv": [0, 0, 1, 1], "texture": "#1"},
				"south": {"uv": [0, 0, 1, 1], "texture": "#1"},
				"west": {"uv": [0, 0, 1, 1], "texture": "#1"},
				"up": {"uv": [0, 0, 1, 1], "texture": "#1"},
				"down": {"uv": [0, 0, 1, 1], "texture": "#1"}
			}
		},
		{
			"name": "hexadecagon",
			"from": [6.3, 0.94033, 8.95],
			"to": [6.9, 1.05967, 12.95],
			"rotation": {"angle": 0, "axis": "z", "origin": [6.6, 1, 10.9]},
			"faces": {
				"north": {"uv": [0, 0, 1, 1], "texture": "#1"},
				"east": {"uv": [0, 0, 1, 1], "texture": "#1"},
				"south": {"uv": [0, 0, 1, 1], "texture": "#1"},
				"west": {"uv": [0, 0, 1, 1], "texture": "#1"},
				"up": {"uv": [0, 0, 1, 1], "texture": "#1"},
				"down": {"uv": [0, 0, 1, 1], "texture": "#1"}
			}
		},
		{
			"name": "hexadecagon",
			"from": [6.3, 0.94033, 8.95],
			"to": [6.9, 1.05967, 12.95],
			"rotation": {"angle": 22.5, "axis": "z", "origin": [6.6, 1, 10.9]},
			"faces": {
				"north": {"uv": [0, 0, 1, 1], "texture": "#1"},
				"east": {"uv": [0, 0, 1, 1], "texture": "#1"},
				"south": {"uv": [0, 0, 1, 1], "texture": "#1"},
				"west": {"uv": [0, 0, 1, 1], "texture": "#1"},
				"up": {"uv": [0, 0, 1, 1], "texture": "#1"},
				"down": {"uv": [0, 0, 1, 1], "texture": "#1"}
			}
		},
		{
			"name": "hexadecagon",
			"from": [6.53038, 0.65, 9.1],
			"to": [6.66962, 1.35, 12.9],
			"rotation": {"angle": -45, "axis": "z", "origin": [6.6, 1, 11]},
			"faces": {
				"north": {"uv": [0, 0, 1, 1], "texture": "#1"},
				"east": {"uv": [0, 0, 1, 1], "texture": "#1"},
				"south": {"uv": [0, 0, 1, 1], "texture": "#1"},
				"west": {"uv": [0, 0, 1, 1], "texture": "#1"},
				"up": {"uv": [0, 0, 1, 1], "texture": "#1"},
				"down": {"uv": [0, 0, 1, 1], "texture": "#1"}
			}
		},
		{
			"name": "hexadecagon",
			"from": [6.53038, 0.65, 9.1],
			"to": [6.66962, 1.35, 12.9],
			"rotation": {"angle": -22.5, "axis": "z", "origin": [6.6, 1, 11]},
			"faces": {
				"north": {"uv": [0, 0, 1, 1], "texture": "#1"},
				"east": {"uv": [0, 0, 1, 1], "texture": "#1"},
				"south": {"uv": [0, 0, 1, 1], "texture": "#1"},
				"west": {"uv": [0, 0, 1, 1], "texture": "#1"},
				"up": {"uv": [0, 0, 1, 1], "texture": "#1"},
				"down": {"uv": [0, 0, 1, 1], "texture": "#1"}
			}
		},
		{
			"name": "hexadecagon",
			"from": [6.53038, 0.65, 9.1],
			"to": [6.66962, 1.35, 12.9],
			"rotation": {"angle": 0, "axis": "z", "origin": [6.6, 1, 11]},
			"faces": {
				"north": {"uv": [0, 0, 1, 1], "texture": "#1"},
				"east": {"uv": [0, 0, 1, 1], "texture": "#1"},
				"south": {"uv": [0, 0, 1, 1], "texture": "#1"},
				"west": {"uv": [0, 0, 1, 1], "texture": "#1"},
				"up": {"uv": [0, 0, 1, 1], "texture": "#1"},
				"down": {"uv": [0, 0, 1, 1], "texture": "#1"}
			}
		},
		{
			"name": "hexadecagon",
			"from": [6.53038, 0.65, 9.1],
			"to": [6.66962, 1.35, 12.9],
			"rotation": {"angle": 22.5, "axis": "z", "origin": [6.6, 1, 11]},
			"faces": {
				"north": {"uv": [0, 0, 1, 1], "texture": "#1"},
				"east": {"uv": [0, 0, 1, 1], "texture": "#1"},
				"south": {"uv": [0, 0, 1, 1], "texture": "#1"},
				"west": {"uv": [0, 0, 1, 1], "texture": "#1"},
				"up": {"uv": [0, 0, 1, 1], "texture": "#1"},
				"down": {"uv": [0, 0, 1, 1], "texture": "#1"}
			}
		},
		{
			"name": "hexadecagon",
			"from": [6.53038, 0.65, 9.1],
			"to": [6.66962, 1.35, 12.9],
			"rotation": {"angle": 45, "axis": "z", "origin": [6.6, 1, 11]},
			"faces": {
				"north": {"uv": [0, 0, 1, 1], "texture": "#1"},
				"east": {"uv": [0, 0, 1, 1], "texture": "#1"},
				"south": {"uv": [0, 0, 1, 1], "texture": "#1"},
				"west": {"uv": [0, 0, 1, 1], "texture": "#1"},
				"up": {"uv": [0, 0, 1, 1], "texture": "#1"},
				"down": {"uv": [0, 0, 1, 1], "texture": "#1"}
			}
		},
		{
			"name": "hexadecagon",
			"from": [6.25, 0.93038, 9.1],
			"to": [6.95, 1.06962, 12.9],
			"rotation": {"angle": -22.5, "axis": "z", "origin": [6.6, 1, 11]},
			"faces": {
				"north": {"uv": [0, 0, 1, 1], "texture": "#1"},
				"east": {"uv": [0, 0, 1, 1], "texture": "#1"},
				"south": {"uv": [0, 0, 1, 1], "texture": "#1"},
				"west": {"uv": [0, 0, 1, 1], "texture": "#1"},
				"up": {"uv": [0, 0, 1, 1], "texture": "#1"},
				"down": {"uv": [0, 0, 1, 1], "texture": "#1"}
			}
		},
		{
			"name": "hexadecagon",
			"from": [6.25, 0.93038, 9.1],
			"to": [6.95, 1.06962, 12.9],
			"rotation": {"angle": 0, "axis": "z", "origin": [6.6, 1, 11]},
			"faces": {
				"north": {"uv": [0, 0, 1, 1], "texture": "#1"},
				"east": {"uv": [0, 0, 1, 1], "texture": "#1"},
				"south": {"uv": [0, 0, 1, 1], "texture": "#1"},
				"west": {"uv": [0, 0, 1, 1], "texture": "#1"},
				"up": {"uv": [0, 0, 1, 1], "texture": "#1"},
				"down": {"uv": [0, 0, 1, 1], "texture": "#1"}
			}
		},
		{
			"name": "hexadecagon",
			"from": [6.25, 0.93038, 9.1],
			"to": [6.95, 1.06962, 12.9],
			"rotation": {"angle": 22.5, "axis": "z", "origin": [6.6, 1, 11]},
			"faces": {
				"north": {"uv": [0, 0, 1, 1], "texture": "#1"},
				"east": {"uv": [0, 0, 1, 1], "texture": "#1"},
				"south": {"uv": [0, 0, 1, 1], "texture": "#1"},
				"west": {"uv": [0, 0, 1, 1], "texture": "#1"},
				"up": {"uv": [0, 0, 1, 1], "texture": "#1"},
				"down": {"uv": [0, 0, 1, 1], "texture": "#1"}
			}
		},
		{
			"from": [6.2, 0.6, 10],
			"to": [7, 1.6, 10.25],
			"rotation": {"angle": 0, "axis": "y", "origin": [0, 0, 2]},
			"faces": {
				"north": {"uv": [0, 0, 0.8, 1], "texture": "#1"},
				"east": {"uv": [0, 0, 0.25, 1], "texture": "#1"},
				"south": {"uv": [0, 0, 0.8, 1], "texture": "#1"},
				"west": {"uv": [0, 0, 0.25, 1], "texture": "#1"},
				"up": {"uv": [0, 0, 0.8, 0.25], "texture": "#1"},
				"down": {"uv": [0, 0, 0.8, 0.25], "texture": "#1"}
			}
		},
		{
			"from": [6.2, 0.6, 12],
			"to": [7, 1.6, 12.25],
			"rotation": {"angle": 0, "axis": "y", "origin": [0, 0, 2]},
			"faces": {
				"north": {"uv": [0, 0, 0.8, 1], "texture": "#1"},
				"east": {"uv": [0, 0, 0.25, 1], "texture": "#1"},
				"south": {"uv": [0, 0, 0.8, 1], "texture": "#1"},
				"west": {"uv": [0, 0, 0.25, 1], "texture": "#1"},
				"up": {"uv": [0, 0, 0.8, 0.25], "texture": "#1"},
				"down": {"uv": [0, 0, 0.8, 0.25], "texture": "#1"}
			}
		},
		{
			"from": [6.2, 0.6, 7.6],
			"to": [7, 1.6, 7.85],
			"rotation": {"angle": 0, "axis": "y", "origin": [0, 0, 2]},
			"faces": {
				"north": {"uv": [0, 0, 0.8, 1], "texture": "#1"},
				"east": {"uv": [0, 0, 0.25, 1], "texture": "#1"},
				"south": {"uv": [0, 0, 0.8, 1], "texture": "#1"},
				"west": {"uv": [0, 0, 0.25, 1], "texture": "#1"},
				"up": {"uv": [0, 0, 0.8, 0.25], "texture": "#1"},
				"down": {"uv": [0, 0, 0.8, 0.25], "texture": "#1"}
			}
		},
		{
			"name": "hexadecagon",
			"from": [6.54033, 0.7, 6.95],
			"to": [6.65967, 1.3, 7.95],
			"rotation": {"angle": -45, "axis": "z", "origin": [6.6, 1, 8.9]},
			"faces": {
				"north": {"uv": [0, 0, 1, 1], "texture": "#1"},
				"east": {"uv": [0, 0, 1, 1], "texture": "#1"},
				"south": {"uv": [0, 0, 1, 1], "texture": "#1"},
				"west": {"uv": [0, 0, 1, 1], "texture": "#1"},
				"up": {"uv": [0, 0, 1, 1], "texture": "#1"},
				"down": {"uv": [0, 0, 1, 1], "texture": "#1"}
			}
		},
		{
			"name": "hexadecagon",
			"from": [6.54033, 0.7, 6.95],
			"to": [6.65967, 1.3, 7.95],
			"rotation": {"angle": -22.5, "axis": "z", "origin": [6.6, 1, 8.9]},
			"faces": {
				"north": {"uv": [0, 0, 1, 1], "texture": "#1"},
				"east": {"uv": [0, 0, 1, 1], "texture": "#1"},
				"south": {"uv": [0, 0, 1, 1], "texture": "#1"},
				"west": {"uv": [0, 0, 1, 1], "texture": "#1"},
				"up": {"uv": [0, 0, 1, 1], "texture": "#1"},
				"down": {"uv": [0, 0, 1, 1], "texture": "#1"}
			}
		},
		{
			"name": "hexadecagon",
			"from": [6.54033, 0.7, 6.95],
			"to": [6.65967, 1.3, 7.95],
			"rotation": {"angle": 0, "axis": "z", "origin": [6.6, 1, 8.9]},
			"faces": {
				"north": {"uv": [0, 0, 1, 1], "texture": "#1"},
				"east": {"uv": [0, 0, 1, 1], "texture": "#1"},
				"south": {"uv": [0, 0, 1, 1], "texture": "#1"},
				"west": {"uv": [0, 0, 1, 1], "texture": "#1"},
				"up": {"uv": [0, 0, 1, 1], "texture": "#1"},
				"down": {"uv": [0, 0, 1, 1], "texture": "#1"}
			}
		},
		{
			"name": "hexadecagon",
			"from": [6.54033, 0.7, 6.95],
			"to": [6.65967, 1.3, 7.95],
			"rotation": {"angle": 22.5, "axis": "z", "origin": [6.6, 1, 8.9]},
			"faces": {
				"north": {"uv": [0, 0, 1, 1], "texture": "#1"},
				"east": {"uv": [0, 0, 1, 1], "texture": "#1"},
				"south": {"uv": [0, 0, 1, 1], "texture": "#1"},
				"west": {"uv": [0, 0, 1, 1], "texture": "#1"},
				"up": {"uv": [0, 0, 1, 1], "texture": "#1"},
				"down": {"uv": [0, 0, 1, 1], "texture": "#1"}
			}
		},
		{
			"name": "hexadecagon",
			"from": [6.54033, 0.7, 6.95],
			"to": [6.65967, 1.3, 7.95],
			"rotation": {"angle": 45, "axis": "z", "origin": [6.6, 1, 8.9]},
			"faces": {
				"north": {"uv": [0, 0, 1, 1], "texture": "#1"},
				"east": {"uv": [0, 0, 1, 1], "texture": "#1"},
				"south": {"uv": [0, 0, 1, 1], "texture": "#1"},
				"west": {"uv": [0, 0, 1, 1], "texture": "#1"},
				"up": {"uv": [0, 0, 1, 1], "texture": "#1"},
				"down": {"uv": [0, 0, 1, 1], "texture": "#1"}
			}
		},
		{
			"name": "hexadecagon",
			"from": [6.3, 0.94033, 6.95],
			"to": [6.9, 1.05967, 7.95],
			"rotation": {"angle": -22.5, "axis": "z", "origin": [6.6, 1, 8.9]},
			"faces": {
				"north": {"uv": [0, 0, 1, 1], "texture": "#1"},
				"east": {"uv": [0, 0, 1, 1], "texture": "#1"},
				"south": {"uv": [0, 0, 1, 1], "texture": "#1"},
				"west": {"uv": [0, 0, 1, 1], "texture": "#1"},
				"up": {"uv": [0, 0, 1, 1], "texture": "#1"},
				"down": {"uv": [0, 0, 1, 1], "texture": "#1"}
			}
		},
		{
			"name": "hexadecagon",
			"from": [6.3, 0.94033, 6.95],
			"to": [6.9, 1.05967, 7.95],
			"rotation": {"angle": 0, "axis": "z", "origin": [6.6, 1, 8.9]},
			"faces": {
				"north": {"uv": [0, 0, 1, 1], "texture": "#1"},
				"east": {"uv": [0, 0, 1, 1], "texture": "#1"},
				"south": {"uv": [0, 0, 1, 1], "texture": "#1"},
				"west": {"uv": [0, 0, 1, 1], "texture": "#1"},
				"up": {"uv": [0, 0, 1, 1], "texture": "#1"},
				"down": {"uv": [0, 0, 1, 1], "texture": "#1"}
			}
		},
		{
			"name": "hexadecagon",
			"from": [6.3, 0.94033, 6.95],
			"to": [6.9, 1.05967, 7.95],
			"rotation": {"angle": 22.5, "axis": "z", "origin": [6.6, 1, 8.9]},
			"faces": {
				"north": {"uv": [0, 0, 1, 1], "texture": "#1"},
				"east": {"uv": [0, 0, 1, 1], "texture": "#1"},
				"south": {"uv": [0, 0, 1, 1], "texture": "#1"},
				"west": {"uv": [0, 0, 1, 1], "texture": "#1"},
				"up": {"uv": [0, 0, 1, 1], "texture": "#1"},
				"down": {"uv": [0, 0, 1, 1], "texture": "#1"}
			}
		},
		{
			"name": "hexadecagon",
			"from": [6.53038, 0.65, 7.1],
			"to": [6.66962, 1.35, 7.9],
			"rotation": {"angle": -45, "axis": "z", "origin": [6.6, 1, 9]},
			"faces": {
				"north": {"uv": [0, 0, 1, 1], "texture": "#1"},
				"east": {"uv": [0, 0, 1, 1], "texture": "#1"},
				"south": {"uv": [0, 0, 1, 1], "texture": "#1"},
				"west": {"uv": [0, 0, 1, 1], "texture": "#1"},
				"up": {"uv": [0, 0, 1, 1], "texture": "#1"},
				"down": {"uv": [0, 0, 1, 1], "texture": "#1"}
			}
		},
		{
			"name": "hexadecagon",
			"from": [6.53038, 0.65, 7.1],
			"to": [6.66962, 1.35, 7.9],
			"rotation": {"angle": -22.5, "axis": "z", "origin": [6.6, 1, 9]},
			"faces": {
				"north": {"uv": [0, 0, 1, 1], "texture": "#1"},
				"east": {"uv": [0, 0, 1, 1], "texture": "#1"},
				"south": {"uv": [0, 0, 1, 1], "texture": "#1"},
				"west": {"uv": [0, 0, 1, 1], "texture": "#1"},
				"up": {"uv": [0, 0, 1, 1], "texture": "#1"},
				"down": {"uv": [0, 0, 1, 1], "texture": "#1"}
			}
		},
		{
			"name": "hexadecagon",
			"from": [6.53038, 0.65, 7.1],
			"to": [6.66962, 1.35, 7.9],
			"rotation": {"angle": 0, "axis": "z", "origin": [6.6, 1, 9]},
			"faces": {
				"north": {"uv": [0, 0, 1, 1], "texture": "#1"},
				"east": {"uv": [0, 0, 1, 1], "texture": "#1"},
				"south": {"uv": [0, 0, 1, 1], "texture": "#1"},
				"west": {"uv": [0, 0, 1, 1], "texture": "#1"},
				"up": {"uv": [0, 0, 1, 1], "texture": "#1"},
				"down": {"uv": [0, 0, 1, 1], "texture": "#1"}
			}
		},
		{
			"name": "hexadecagon",
			"from": [6.53038, 0.65, 7.1],
			"to": [6.66962, 1.35, 7.9],
			"rotation": {"angle": 22.5, "axis": "z", "origin": [6.6, 1, 9]},
			"faces": {
				"north": {"uv": [0, 0, 1, 1], "texture": "#1"},
				"east": {"uv": [0, 0, 1, 1], "texture": "#1"},
				"south": {"uv": [0, 0, 1, 1], "texture": "#1"},
				"west": {"uv": [0, 0, 1, 1], "texture": "#1"},
				"up": {"uv": [0, 0, 1, 1], "texture": "#1"},
				"down": {"uv": [0, 0, 1, 1], "texture": "#1"}
			}
		},
		{
			"name": "hexadecagon",
			"from": [6.53038, 0.65, 7.1],
			"to": [6.66962, 1.35, 7.9],
			"rotation": {"angle": 45, "axis": "z", "origin": [6.6, 1, 9]},
			"faces": {
				"north": {"uv": [0, 0, 1, 1], "texture": "#1"},
				"east": {"uv": [0, 0, 1, 1], "texture": "#1"},
				"south": {"uv": [0, 0, 1, 1], "texture": "#1"},
				"west": {"uv": [0, 0, 1, 1], "texture": "#1"},
				"up": {"uv": [0, 0, 1, 1], "texture": "#1"},
				"down": {"uv": [0, 0, 1, 1], "texture": "#1"}
			}
		},
		{
			"name": "hexadecagon",
			"from": [6.25, 0.93038, 7.1],
			"to": [6.95, 1.06962, 7.9],
			"rotation": {"angle": -22.5, "axis": "z", "origin": [6.6, 1, 9]},
			"faces": {
				"north": {"uv": [0, 0, 1, 1], "texture": "#1"},
				"east": {"uv": [0, 0, 1, 1], "texture": "#1"},
				"south": {"uv": [0, 0, 1, 1], "texture": "#1"},
				"west": {"uv": [0, 0, 1, 1], "texture": "#1"},
				"up": {"uv": [0, 0, 1, 1], "texture": "#1"},
				"down": {"uv": [0, 0, 1, 1], "texture": "#1"}
			}
		},
		{
			"name": "hexadecagon",
			"from": [6.25, 0.93038, 7.1],
			"to": [6.95, 1.06962, 7.9],
			"rotation": {"angle": 0, "axis": "z", "origin": [6.6, 1, 9]},
			"faces": {
				"north": {"uv": [0, 0, 1, 1], "texture": "#1"},
				"east": {"uv": [0, 0, 1, 1], "texture": "#1"},
				"south": {"uv": [0, 0, 1, 1], "texture": "#1"},
				"west": {"uv": [0, 0, 1, 1], "texture": "#1"},
				"up": {"uv": [0, 0, 1, 1], "texture": "#1"},
				"down": {"uv": [0, 0, 1, 1], "texture": "#1"}
			}
		},
		{
			"name": "hexadecagon",
			"from": [6.25, 0.93038, 7.1],
			"to": [6.95, 1.06962, 7.9],
			"rotation": {"angle": 22.5, "axis": "z", "origin": [6.6, 1, 9]},
			"faces": {
				"north": {"uv": [0, 0, 1, 1], "texture": "#1"},
				"east": {"uv": [0, 0, 1, 1], "texture": "#1"},
				"south": {"uv": [0, 0, 1, 1], "texture": "#1"},
				"west": {"uv": [0, 0, 1, 1], "texture": "#1"},
				"up": {"uv": [0, 0, 1, 1], "texture": "#1"},
				"down": {"uv": [0, 0, 1, 1], "texture": "#1"}
			}
		}
	],
	"gui_light": "front",
	"display": {
		"thirdperson_righthand": {
			"rotation": [-108, 0, 0],
			"translation": [1, 4, -6.75],
			"scale": [1.5, 1.5, 1.5]
		},
		"thirdperson_lefthand": {
			"rotation": [178.5, 0, 0],
			"translation": [0, -10, 0.5]
		},
		"firstperson_righthand": {
			"rotation": [-177.4, 4.48, -3.74],
			"translation": [-2, 2, 3.25]
		},
		"ground": {
			"rotation": [-164, 0, 0],
			"translation": [0, -4.25, 0],
			"scale": [2, 2, 2]
		},
		"gui": {
			"rotation": [-90, 44.25, -90],
			"translation": [4, -5, 0],
			"scale": [1.2, 1.2, 1.2]
		},
		"fixed": {
			"rotation": [-90, -47.25, 90],
			"translation": [-3.5, -4.75, -1],
			"scale": [1.2, 1.2, 1.2]
		}
	},
	"groups": [
		{
			"name": "柄",
			"origin": [0, 0, 0],
			"color": 0,
			"children": [0, 1, 2, 3, 4]
		},
		{
			"name": "刃",
			"origin": [8, 8, 8],
			"color": 0,
			"children": [5, 6, 7, 8]
		},
		{
			"name": "銃",
			"origin": [8, 8, 8],
			"color": 0,
			"children": [9, 10, 11, 12]
		},
		{
			"name": "剣",
			"origin": [0, 0, 0],
			"color": 0,
			"children": [13, 14, 15, 16, 17]
		},
		{
			"name": "模様",
			"origin": [8, 8, 8],
			"color": 0,
			"children": [18, 19, 20, 21, 22, 23, 24, 25, 26, 27, 28, 29, 30, 31, 32]
		},
		{
			"name": "hexadecagon",
			"origin": [8, 8, 8],
			"color": 0,
			"children": [33, 34, 35, 36, 37, 38, 39, 40]
		},
		{
			"name": "hexadecagon",
			"origin": [8, 8, 8],
			"color": 0,
			"children": [41, 42, 43, 44, 45, 46, 47, 48]
		},
		{
			"name": "hexadecagon",
			"origin": [8, 8, 8],
			"color": 0,
			"children": [49, 50, 51, 52, 53, 54, 55, 56]
		},
		57,
		58,
		59,
		{
			"name": "hexadecagon",
			"origin": [8, 8, 8],
			"color": 0,
			"children": [60, 61, 62, 63, 64, 65, 66, 67]
		},
		{
			"name": "hexadecagon",
			"origin": [8, 8, 8],
			"color": 0,
			"children": [68, 69, 70, 71, 72, 73, 74, 75]
		}
	]
}