{
	"credit": "Made with Blockbench",
	"textures": {
		"1": "item/weapon/katana/texture",
		"2": "item/weapon/katana/texture2",
		"3": "item/weapon/katana/texture3",
		"4": "item/weapon/katana/texture4",
		"5": "item/weapon/katana/texture5",
		"6": "item/weapon/katana/texture6",
		"7": "item/weapon/katana/texture7"
	},
	"elements": [
		{
			"from": [7, -1.3, 5.8],
			"to": [7.5, -0.3, 6.1],
			"rotation": {"angle": -22.5, "axis": "x", "origin": [0, 0, 1]},
			"faces": {
				"north": {"uv": [0, 0, 1, 1], "texture": "#7"},
				"east": {"uv": [0, 1, 1, 2], "texture": "#7"},
				"south": {"uv": [1, 0, 2, 1], "texture": "#7"},
				"west": {"uv": [1, 1, 2, 2], "texture": "#7"},
				"up": {"uv": [1, 3, 0, 2], "texture": "#7"},
				"down": {"uv": [3, 0, 2, 1], "texture": "#7"}
			}
		},
		{
			"from": [7, -1.6, 6],
			"to": [7.5, -0.1, 6.3],
			"rotation": {"angle": -22.5, "axis": "x", "origin": [0, 0, 1]},
			"faces": {
				"north": {"uv": [2, 2, 3, 4], "texture": "#7"},
				"east": {"uv": [3, 0, 4, 2], "texture": "#7"},
				"south": {"uv": [3, 2, 4, 4], "texture": "#7"},
				"west": {"uv": [4, 0, 5, 2], "texture": "#7"},
				"up": {"uv": [6, 1, 5, 0], "texture": "#7"},
				"down": {"uv": [2, 5, 1, 6], "texture": "#7"}
			}
		},
		{
			"from": [7, -0.9, 2.4],
			"to": [7.5, -0.4, 5.4],
			"rotation": {"angle": -22.5, "axis": "x", "origin": [0, 0, 1]},
			"faces": {
				"north": {"uv": [5, 1, 6, 2], "texture": "#4"},
				"east": {"uv": [0, 0, 3, 1], "texture": "#4"},
				"south": {"uv": [2, 5, 3, 6], "texture": "#4"},
				"west": {"uv": [0, 1, 3, 2], "texture": "#4"},
				"up": {"uv": [1, 5, 0, 2], "texture": "#4"},
				"down": {"uv": [2, 2, 1, 5], "texture": "#4"}
			}
		},
		{
			"from": [7, 0, 1.9],
			"to": [7.5, 0.5, 2.4],
			"rotation": {"angle": 22.5, "axis": "x", "origin": [0, 0, 1]},
			"faces": {
				"north": {"uv": [5, 2, 6, 3], "texture": "#4"},
				"east": {"uv": [3, 5, 4, 6], "texture": "#4"},
				"south": {"uv": [5, 3, 6, 4], "texture": "#4"},
				"west": {"uv": [4, 5, 5, 6], "texture": "#4"},
				"up": {"uv": [6, 5, 5, 4], "texture": "#4"},
				"down": {"uv": [6, 5, 5, 6], "texture": "#4"}
			}
		},
		{
			"from": [7, 0.85, 4.8],
			"to": [7.5, 1.35, 5.8],
			"rotation": {"angle": 0, "axis": "y", "origin": [0, 0, 1]},
			"faces": {
				"north": {"uv": [0, 6, 1, 7], "texture": "#4"},
				"east": {"uv": [6, 0, 7, 1], "texture": "#4"},
				"south": {"uv": [1, 6, 2, 7], "texture": "#4"},
				"west": {"uv": [6, 1, 7, 2], "texture": "#4"},
				"up": {"uv": [3, 7, 2, 6], "texture": "#4"},
				"down": {"uv": [7, 2, 6, 3], "texture": "#4"}
			}
		},
		{
			"from": [7, -1.2, 2],
			"to": [7.5, -0.2, 2.5],
			"rotation": {"angle": -22.5, "axis": "x", "origin": [0, 0, 1]},
			"faces": {
				"north": {"uv": [3, 6, 4, 7], "texture": "#4"},
				"east": {"uv": [6, 3, 7, 4], "texture": "#4"},
				"south": {"uv": [4, 6, 5, 7], "texture": "#4"},
				"west": {"uv": [6, 4, 7, 5], "texture": "#4"},
				"up": {"uv": [6, 7, 5, 6], "texture": "#4"},
				"down": {"uv": [7, 5, 6, 6], "texture": "#4"}
			}
		},
		{
			"from": [7, 1.1, 6],
			"to": [7.5, 1.6, 7],
			"rotation": {"angle": 0, "axis": "y", "origin": [0, 0, 1]},
			"faces": {
				"north": {"uv": [0, 0, 1, 1], "texture": "#3"},
				"east": {"uv": [0, 1, 1, 2], "texture": "#3"},
				"south": {"uv": [1, 0, 2, 1], "texture": "#3"},
				"west": {"uv": [1, 1, 2, 2], "texture": "#3"},
				"up": {"uv": [1, 3, 0, 2], "texture": "#3"},
				"down": {"uv": [3, 0, 2, 1], "texture": "#3"}
			}
		},
		{
			"from": [7, 3.2, 5.2],
			"to": [7.5, 3.7, 6.2],
			"rotation": {"angle": 22.5, "axis": "x", "origin": [0, 0, 1]},
			"faces": {
				"north": {"uv": [1, 2, 2, 3], "texture": "#3"},
				"east": {"uv": [2, 1, 3, 2], "texture": "#3"},
				"south": {"uv": [2, 2, 3, 3], "texture": "#3"},
				"west": {"uv": [0, 3, 1, 4], "texture": "#3"},
				"up": {"uv": [4, 1, 3, 0], "texture": "#3"},
				"down": {"uv": [2, 3, 1, 4], "texture": "#3"}
			}
		},
		{
			"from": [7, 1.3, 6.7],
			"to": [7.5, 1.7, 7.9],
			"rotation": {"angle": 0, "axis": "y", "origin": [0, 0, 1]},
			"faces": {
				"north": {"uv": [3, 1, 4, 2], "texture": "#3"},
				"east": {"uv": [2, 3, 3, 4], "texture": "#3"},
				"south": {"uv": [3, 2, 4, 3], "texture": "#3"},
				"west": {"uv": [3, 3, 4, 4], "texture": "#3"},
				"up": {"uv": [1, 5, 0, 4], "texture": "#3"},
				"down": {"uv": [5, 0, 4, 1], "texture": "#3"}
			}
		},
		{
			"from": [7.1, -0.9, 6.8],
			"to": [7.4, -0.5, 16.8],
			"rotation": {"angle": -22.5, "axis": "x", "origin": [0, 0.2, 1.4]},
			"faces": {
				"north": {"uv": [0, 6, 1, 7], "texture": "#2"},
				"east": {"uv": [0, 15, 2, 16], "texture": "#2"},
				"south": {"uv": [1, 6, 2, 7], "texture": "#2"},
				"west": {"uv": [0, 15, 2, 16], "texture": "#2"},
				"up": {"uv": [1, 6, 0, 2], "texture": "#2"},
				"down": {"uv": [2, 2, 1, 6], "texture": "#2"}
			}
		},
		{
			"from": [7.1, 10.2, 12.75],
			"to": [7.4, 10.6, 13.25],
			"rotation": {"angle": 22.5, "axis": "x", "origin": [0, 0.2, 1.4]},
			"faces": {
				"north": {"uv": [6, 4, 7, 5], "texture": "#2"},
				"east": {"uv": [6, 5, 7, 6], "texture": "#2"},
				"south": {"uv": [6, 6, 7, 7], "texture": "#2"},
				"west": {"uv": [0, 7, 1, 8], "texture": "#2"},
				"up": {"uv": [2, 8, 1, 7], "texture": "#2"},
				"down": {"uv": [8, 2, 7, 3], "texture": "#2"}
			}
		},
		{
			"from": [7, -1.7, 7.6],
			"to": [7.5, -1.4, 17.1],
			"rotation": {"angle": -22.5, "axis": "x", "origin": [0, 0, 0]},
			"faces": {
				"north": {"uv": [0, 6, 1, 7], "texture": "#1"},
				"east": {"uv": [0, 0, 4, 1], "texture": "#1"},
				"south": {"uv": [1, 6, 2, 7], "texture": "#1"},
				"west": {"uv": [0, 1, 4, 2], "texture": "#1"},
				"up": {"uv": [1, 6, 0, 2], "texture": "#1"},
				"down": {"uv": [2, 2, 1, 6], "texture": "#1"}
			}
		},
		{
			"from": [6.9, -1.3, 3.5],
			"to": [7.55, -0.8, 3.6],
			"rotation": {"angle": -22.5, "axis": "x", "origin": [0, 0, 0]},
			"faces": {
				"north": {"uv": [0, 0, 1, 1], "texture": "#5"},
				"east": {"uv": [0, 1, 1, 2], "texture": "#5"},
				"south": {"uv": [1, 0, 2, 1], "texture": "#5"},
				"west": {"uv": [1, 1, 2, 2], "texture": "#5"},
				"up": {"uv": [1, 3, 0, 2], "texture": "#5"},
				"down": {"uv": [3, 0, 2, 1], "texture": "#5"}
			}
		},
		{
			"from": [7.05, -1.4, 7.95],
			"to": [7.4, -1.35, 16.45],
			"rotation": {"angle": -22.5, "axis": "x", "origin": [0, 0, 0]},
			"faces": {
				"north": {"uv": [2, 2, 3, 3], "texture": "#6"},
				"east": {"uv": [0, 0, 4, 1], "texture": "#6"},
				"south": {"uv": [2, 3, 3, 4], "texture": "#6"},
				"west": {"uv": [0, 1, 4, 2], "texture": "#6"},
				"up": {"uv": [1, 6, 0, 2], "texture": "#6"},
				"down": {"uv": [2, 2, 1, 6], "texture": "#6"}
			}
		},
		{
			"from": [6.9, -1.5, 7.05],
			"to": [7.55, -1.45, 7.3],
			"rotation": {"angle": -22.5, "axis": "x", "origin": [0, 0, 0]},
			"faces": {
				"north": {"uv": [2, 2, 3, 3], "texture": "#6"},
				"east": {"uv": [0, 0, 4, 1], "texture": "#6"},
				"south": {"uv": [2, 3, 3, 4], "texture": "#6"},
				"west": {"uv": [0, 1, 4, 2], "texture": "#6"},
				"up": {"uv": [1, 6, 0, 2], "texture": "#6"},
				"down": {"uv": [2, 2, 1, 6], "texture": "#6"}
			}
		},
		{
			"from": [6.9, -1.4, 5.85],
			"to": [7.55, -1.35, 6.1],
			"rotation": {"angle": -22.5, "axis": "x", "origin": [0, 0, 0]},
			"faces": {
				"north": {"uv": [2, 2, 3, 3], "texture": "#6"},
				"east": {"uv": [0, 0, 4, 1], "texture": "#6"},
				"south": {"uv": [2, 3, 3, 4], "texture": "#6"},
				"west": {"uv": [0, 1, 4, 2], "texture": "#6"},
				"up": {"uv": [1, 6, 0, 2], "texture": "#6"},
				"down": {"uv": [2, 2, 1, 6], "texture": "#6"}
			}
		}
	],
	"gui_light": "front",
	"display": {
		"thirdperson_righthand": {
			"rotation": [121.75, 0, 0],
			"translation": [0.75, -14.25, 10.25],
			"scale": [2, 2, 2]
		},
		"firstperson_righthand": {
			"rotation": [35.25, 0, 0],
			"translation": [4, 9, 9.5],
			"scale": [1.5, 1.5, 1.5]
		},
		"ground": {
			"rotation": [-13.89, 0.6, -4.86],
			"translation": [3.5, 16, -5],
			"scale": [2, 2, 2]
		},
		"gui": {
			"rotation": [-90, 63.5, 90],
			"translation": [-5.75, 7.25, 0],
			"scale": [1.7, 1.7, 1.7]
		},
		"fixed": {
			"rotation": [-90, -64.75, -90],
			"translation": [5.75, 7.75, 2],
			"scale": [1.7, 1.7, 1.7]
		}
	},
	"groups": [
		{
			"name": "持ち手",
			"origin": [8, 8, 8],
			"color": 0,
			"children": [0, 1, 2, 3, 4, 5]
		},
		{
			"name": "剣",
			"origin": [0, 0, 0],
			"color": 0,
			"children": [6, 7, 8]
		},
		{
			"name": "刃",
			"origin": [0, 0, 0],
			"color": 0,
			"children": [9, 10]
		},
		{
			"name": "剣sinn",
			"origin": [0, 0, 0],
			"color": 0,
			"children": [11]
		},
		{
			"name": "模様",
			"origin": [8, 8, 8],
			"color": 0,
			"children": [12, 13, 14, 15]
		}
	]
}