{
	"credit": "Made with Blockbench",
	"texture_size": [64, 64],
	"textures": {
		"2": "item/weapon/kuzyakusen/oak_planks",
		"4": "item/weapon/kuzyakusen/black_wool",
		"5": "item/weapon/kuzyakusen/red_sandstone_top",
		"particle": "item/weapon/kuzyakusen/stripped_acacia_log"
	},
	"elements": [
		{
			"from": [5.45809, 0.9271, 7.2],
			"to": [6.45809, 3.5271, 7.7],
			"rotation": {"angle": 45, "axis": "z", "origin": [5.65809, 3.0271, 7.7]},
			"faces": {
				"north": {"uv": [0, 0, 16, 16], "texture": "#4"},
				"east": {"uv": [0, 0, 0.125, 0.75], "texture": "#4"},
				"south": {"uv": [0, 0, 15, 15], "texture": "#4"},
				"west": {"uv": [0, 0, 0.125, 0.75], "texture": "#4"},
				"up": {"uv": [0, 0, 0.25, 0.125], "texture": "#4"},
				"down": {"uv": [0, 0, 0.25, 0.125], "texture": "#4"}
			}
		},
		{
			"from": [5.15809, 2.1271, 7.2],
			"to": [8.15809, 3.1271, 7.7],
			"rotation": {"angle": -22.5, "axis": "z", "origin": [5.65809, 3.0271, 7.7]},
			"faces": {
				"north": {"uv": [0, 0, 16, 16], "rotation": 90, "texture": "#4"},
				"east": {"uv": [0, 0, 0.25, 0.125], "rotation": 270, "texture": "#4"},
				"south": {"uv": [0, 0, 15, 15], "rotation": 270, "texture": "#4"},
				"west": {"uv": [0, 0, 0.25, 0.125], "rotation": 270, "texture": "#4"},
				"up": {"uv": [0, 0, 0.125, 0.75], "rotation": 270, "texture": "#4"},
				"down": {"uv": [0, 0, 0.125, 0.75], "rotation": 270, "texture": "#4"}
			}
		},
		{
			"from": [7.55809, 0.2271, 7.2],
			"to": [10.55809, 1.2271, 7.7],
			"rotation": {"angle": 22.5, "axis": "z", "origin": [5.65809, 3.0271, 7.7]},
			"faces": {
				"north": {"uv": [0, 0, 16, 16], "rotation": 270, "texture": "#4"},
				"east": {"uv": [0, 0, 0.25, 0.125], "rotation": 90, "texture": "#4"},
				"south": {"uv": [0, 0, 15, 15], "rotation": 90, "texture": "#4"},
				"west": {"uv": [0, 0, 0.25, 0.125], "rotation": 90, "texture": "#4"},
				"up": {"uv": [0, 0, 0.125, 0.75], "rotation": 90, "texture": "#4"},
				"down": {"uv": [0, 0, 0.125, 0.75], "rotation": 90, "texture": "#4"}
			}
		},
		{
			"from": [8.15809, 3.9271, 7.2],
			"to": [9.15809, 6.9271, 7.7],
			"rotation": {"angle": -45, "axis": "z", "origin": [5.65809, 3.0271, 7.7]},
			"faces": {
				"north": {"uv": [0, 0, 16, 16], "texture": "#4"},
				"east": {"uv": [0, 0, 0.125, 0.75], "texture": "#4"},
				"south": {"uv": [0, 0, 15, 15], "texture": "#4"},
				"west": {"uv": [0, 0, 0.125, 0.75], "texture": "#4"},
				"up": {"uv": [0, 0, 0.25, 0.125], "texture": "#4"},
				"down": {"uv": [0, 0, 0.25, 0.125], "texture": "#4"}
			}
		},
		{
			"from": [8.49986, 1.85123, 7.2],
			"to": [9.49986, 4.75123, 7.7],
			"rotation": {"angle": -22.5, "axis": "z", "origin": [7.99986, 2.75123, 7.7]},
			"faces": {
				"north": {"uv": [0, 0, 16, 16], "texture": "#4"},
				"east": {"uv": [0, 0, 0.125, 0.75], "texture": "#4"},
				"south": {"uv": [0, 0, 15, 15], "texture": "#4"},
				"west": {"uv": [0, 0, 0.125, 0.75], "texture": "#4"},
				"up": {"uv": [0, 0, 0.25, 0.125], "texture": "#4"},
				"down": {"uv": [0, 0, 0.25, 0.125], "texture": "#4"}
			}
		},
		{
			"from": [6.46737, 1.9859, 7.2],
			"to": [7.46737, 4.6859, 7.7],
			"rotation": {"angle": 22.5, "axis": "z", "origin": [7.96737, 2.7859, 7.7]},
			"faces": {
				"north": {"uv": [0, 0, 16, 16], "texture": "#4"},
				"east": {"uv": [0, 0, 0.125, 0.75], "texture": "#4"},
				"south": {"uv": [0, 0, 15, 15], "texture": "#4"},
				"west": {"uv": [0, 0, 0.125, 0.75], "texture": "#4"},
				"up": {"uv": [0, 0, 0.25, 0.125], "texture": "#4"},
				"down": {"uv": [0, 0, 0.25, 0.125], "texture": "#4"}
			}
		},
		{
			"from": [5.8, 3.4, 7.2],
			"to": [6.8, 6.4, 7.7],
			"rotation": {"angle": -22.5, "axis": "z", "origin": [2.9, -1, 4.2]},
			"faces": {
				"north": {"uv": [0, 0, 16, 16], "texture": "#4"},
				"east": {"uv": [0, 0, 0.125, 0.75], "texture": "#4"},
				"south": {"uv": [0, 0, 15, 15], "texture": "#4"},
				"west": {"uv": [0, 0, 0.125, 0.75], "texture": "#4"},
				"up": {"uv": [0, 0, 0.25, 0.125], "texture": "#4"},
				"down": {"uv": [0, 0, 0.25, 0.125], "texture": "#4"}
			}
		},
		{
			"from": [8.4, -0.5, 7.2],
			"to": [9.4, 2.5, 7.7],
			"rotation": {"angle": 22.5, "axis": "z", "origin": [2.9, -1, 4.2]},
			"faces": {
				"north": {"uv": [0, 0, 16, 16], "texture": "#4"},
				"east": {"uv": [0, 0, 16, 16], "texture": "#4"},
				"south": {"uv": [0, 0, 15, 15], "texture": "#4"},
				"west": {"uv": [0, 0, 16, 16], "texture": "#4"},
				"up": {"uv": [0, 0, 0.25, 0.125], "texture": "#4"},
				"down": {"uv": [0, 0, 0.25, 0.125], "texture": "#4"}
			}
		},
		{
			"from": [7.4, 1.7, 7.2],
			"to": [8.4, 4.7, 7.7],
			"rotation": {"angle": 0, "axis": "y", "origin": [-0.1, -5, 0.2]},
			"faces": {
				"north": {"uv": [0, 0, 16, 16], "texture": "#4"},
				"east": {"uv": [0, 0, 0.125, 0.75], "texture": "#4"},
				"south": {"uv": [0, 0, 15, 15], "texture": "#4"},
				"west": {"uv": [0, 0, 0.125, 0.75], "texture": "#4"},
				"up": {"uv": [0, 0, 0.25, 0.125], "texture": "#4"},
				"down": {"uv": [0, 0, 0.25, 0.125], "texture": "#4"}
			}
		},
		{
			"from": [8, 1.7, 7.1],
			"to": [8.1, 4.7, 7.85],
			"rotation": {"angle": 0, "axis": "y", "origin": [-0.1, -5, 0.2]},
			"faces": {
				"north": {"uv": [0, 0, 0.025, 0.75], "texture": "#2"},
				"east": {"uv": [0, 0, 0.1875, 0.75], "texture": "#2"},
				"south": {"uv": [0, 0, 0.025, 0.75], "texture": "#2"},
				"west": {"uv": [0, 0, 0.1875, 0.75], "texture": "#2"},
				"up": {"uv": [0, 0, 0.025, 0.1875], "texture": "#2"},
				"down": {"uv": [0, 0, 0.025, 0.1875], "texture": "#2"}
			}
		},
		{
			"from": [5.15809, 2.0271, 7.1],
			"to": [8.25809, 2.1271, 7.85],
			"rotation": {"angle": -22.5, "axis": "z", "origin": [5.65809, 3.0271, 7.7]},
			"faces": {
				"north": {"uv": [0, 0, 0.025, 0.775], "rotation": 90, "texture": "#2"},
				"east": {"uv": [0, 0, 0.025, 0.1875], "rotation": 270, "texture": "#2"},
				"south": {"uv": [0, 0, 0.025, 0.775], "rotation": 270, "texture": "#2"},
				"west": {"uv": [0, 0, 0.025, 0.1875], "rotation": 270, "texture": "#2"},
				"up": {"uv": [0, 0, 0.1875, 0.775], "rotation": 270, "texture": "#2"},
				"down": {"uv": [0, 0, 0.1875, 0.775], "rotation": 270, "texture": "#2"}
			}
		},
		{
			"from": [7.55809, 0.1271, 7.1],
			"to": [10.55809, 0.2271, 7.85],
			"rotation": {"angle": 22.5, "axis": "z", "origin": [5.65809, 3.0271, 7.7]},
			"faces": {
				"north": {"uv": [5, 7, 0, 0], "rotation": 270, "texture": "#2"},
				"east": {"uv": [0, 0, 5, 7], "rotation": 90, "texture": "#2"},
				"south": {"uv": [0, 0, 5, 7], "rotation": 90, "texture": "#2"},
				"west": {"uv": [0, 0, 5, 7], "rotation": 90, "texture": "#2"},
				"up": {"uv": [0, 0, 5, 7], "rotation": 90, "texture": "#2"},
				"down": {"uv": [0, 0, 5, 7], "rotation": 90, "texture": "#2"}
			}
		},
		{
			"from": [9.6, -6.8, 7.2],
			"to": [10.4, -6, 7.7],
			"rotation": {"angle": 45, "axis": "z", "origin": [-0.1, -5, 0]},
			"faces": {
				"north": {"uv": [0, 9, 7.25, 0], "texture": "#5"},
				"east": {"uv": [0, 0, 0.125, 0.25], "texture": "#5"},
				"south": {"uv": [0, 0, 0.25, 0.25], "texture": "#5"},
				"west": {"uv": [0, 0, 0.125, 0.25], "texture": "#5"},
				"up": {"uv": [0, 0, 0.25, 0.125], "texture": "#5"},
				"down": {"uv": [0, 0, 0.25, 0.125], "texture": "#5"}
			}
		},
		{
			"from": [7.6, 0.5, 7.2],
			"to": [8.4, 1.3, 7.7],
			"rotation": {"angle": 0, "axis": "y", "origin": [-0.1, -5, 0]},
			"faces": {
				"north": {"uv": [0, 9, 7.25, 0], "texture": "#5"},
				"east": {"uv": [0, 0, 0.125, 0.25], "texture": "#5"},
				"south": {"uv": [0, 0, 0.25, 0.25], "texture": "#5"},
				"west": {"uv": [0, 0, 0.125, 0.25], "texture": "#5"},
				"up": {"uv": [0, 0, 0.25, 0.125], "texture": "#5"},
				"down": {"uv": [0, 0, 0.25, 0.125], "texture": "#5"}
			}
		}
	],
	"gui_light": "front",
	"display": {
		"thirdperson_righthand": {
			"rotation": [0, 90, 0],
			"translation": [2.25, 13.5, 0],
			"scale": [2, 2, 2]
		},
		"firstperson_righthand": {
			"rotation": [0, 90, 0],
			"translation": [2.5, 13.5, 0.25],
			"scale": [2, 2, 2]
		},
		"ground": {
			"translation": [0, 13, 0],
			"scale": [2, 2, 2]
		},
		"gui": {
			"translation": [0, 16.25, 0],
			"scale": [3, 3, 3]
		},
		"fixed": {
			"translation": [0, 15.75, 2.5],
			"scale": [3, 3, 3]
		}
	},
	"groups": [
		{
			"name": "group",
			"origin": [8.06737, 7.7859, 7.5],
			"color": 0,
			"children": [0, 1, 2, 3, 4, 5, 6, 7, 8]
		},
		{
			"name": "group",
			"origin": [8, 8, 8],
			"color": 0,
			"children": [9, 10, 11]
		},
		12,
		13
	]
}